date,Cl,NO3,SO4,Ca,K,Mg,Na
3/28/08,72.38,1.91,108.74,142.22,22.25,82.27,21.75
3/29/08,62.86,0.33,108.69,132.24,20.97,78.16,22.18
3/30/08,62.85,0.15,99.03,127.25,21.23,78.16,22.18
3/31/08,76.8,0.18,99.36,137.23,22.76,82.27,26.97
4/1/08,61.66,0.36,111.89,144.71,23.02,82.27,22.62
4/2/08,67.27,0.01,101.44,152.2,23.27,82.27,24.36
4/3/08,72.63,0.02,105.1,162.18,22.51,86.38,23.92
4/4/08,68.14,0.1,100.76,157.19,23.02,86.38,23.49
4/5/08,70.56,0.06,107.62,154.69,25.32,86.38,26.53
4/6/08,63.93,0.16,102.98,139.72,23.27,82.27,23.05
4/7/08,66.04,0.17,106.18,137.23,23.02,82.27,23.05
4/8/08,64.33,0.04,105.24,139.72,23.27,82.27,22.62
4/9/08,57.86,0.71,103.81,144.71,23.53,82.27,23.92
4/10/08,66.08,0.23,99.33,149.7,23.53,82.27,23.49
4/11/08,71.88,0.23,118.59,154.69,23.79,82.27,23.49
4/12/08,74.1,0.02,109.42,157.19,23.79,86.38,23.49
4/13/08,70.78,0.24,104.41,144.71,23.27,86.38,23.05
4/14/08,63.77,0.09,97.56,139.72,23.53,86.38,24.36
4/15/08,63.25,0.12,141.8,144.71,24.04,86.38,25.66
4/16/08,64.77,0.02,102.51,144.71,23.79,86.38,23.92
4/17/08,66.77,0.07,106.04,147.21,23.79,86.38,23.49
4/18/08,93.03,4.58,145.62,154.69,25.32,94.61,34.36
4/24/08,24.76,NA,102.97,51.3,24.73,74.17,19.55
4/24/08,25.34,NA,94.3,50.9,24.04,74.13,20.56
4/24/08,32.17,NA,102.21,124.43,23.73,80.21,22.59
4/30/08,23.09,NA,122.27,50.55,26.42,74.29,18.77
4/30/08,24.73,NA,92.64,46.88,23.43,68.74,21.19
4/30/08,27.13,NA,158.92,111.73,21.71,73.1,22.88
5/2/08,71.04,0.19,109.56,147.21,24.3,82.27,22.18
5/3/08,72.71,1.68,104.05,159.68,24.55,86.38,22.62
5/4/08,69.37,0.61,116.78,137.23,24.55,82.27,22.18
5/6/08,27.35,NA,203.26,131.06,22.2,80.91,23.74
5/7/08,38.07,NA,125.63,146.36,22.15,83.09,24.75
5/8/08,35.24,NA,133.36,161.35,25.01,88.56,28.5
5/9/08,37.37,NA,121.14,167.81,22.74,90.54,28.27
5/10/08,34.13,NA,130.08,172.88,23.76,92.02,27.41
5/11/08,29,NA,109.44,163.6,22.86,90.42,26.37
5/12/08,29.57,NA,98.38,105.31,21.87,78.16,22.08
5/13/08,34.45,NA,127.7,99.53,21.92,75.94,22.04
5/14/08,22.55,NA,134.87,55.56,24.35,76.59,18.67
5/14/08,24.19,NA,128.51,51.52,22.63,71.66,21.89
5/14/08,32.65,NA,112.36,122.73,21.41,75.69,22.64
5/14/08,36.64,NA,117.53,121.61,21.41,79.68,22.79
5/15/08,33.27,NA,122.45,140.29,22.66,82.72,24.62
5/16/08,34.47,NA,95.8,150.97,22.43,83.34,24.47
5/17/08,34.01,NA,97.66,128.99,22.3,80.34,23.49
5/18/08,31.6,NA,124.74,134.28,21.69,79.64,22.72
5/19/08,35.34,NA,104.97,135.15,21.41,81.9,23.81
5/20/08,34.09,NA,95.8,139.82,21.89,87.37,23.41
5/21/08,32.79,NA,101.3,127.45,22.38,79.76,23.17
5/22/08,32.73,NA,100.69,126.95,21.56,82.64,23.07
5/23/08,35.86,NA,102.15,134.41,21.36,85.81,23.15
5/24/08,42.63,NA,124.32,151.62,21.94,86.01,23.58
5/25/08,38.41,NA,104.4,171.41,27.75,90.74,27.84
5/26/08,40.22,NA,111.37,187.8,22.76,91.57,26.13
5/27/08,39.36,NA,115.33,206.41,26.45,98.97,28.65
5/28/08,38.69,1.34,109.96,224.98,23.35,100,28.22
5/29/08,34.39,NA,133.46,238.7,24.88,104.4,35.04
5/29/08,41.03,NA,118.18,219.34,24.96,104.4,31.88
5/30/08,23.15,NA,110.52,231.84,24.81,104.32,28.83
5/31/08,23.46,NA,147.15,241.87,27.29,104.52,30.1
6/1/08,22.52,NA,102.79,254.82,27.67,108.6,31.13
6/2/08,25.32,NA,105.6,272.43,27.52,113.45,32.69
6/3/08,24.41,NA,101.96,282.96,28.52,118.06,36.22
6/4/08,24.47,NA,110.35,306.89,38.36,123.41,31.32
6/5/08,25.34,NA,150.97,319.36,35.81,127.52,31.75
6/6/08,60.5,1.31,141.07,351.8,35.81,139.86,33.06
6/7/08,24.49,NA,114.91,376.75,30.69,143.97,33.49
6/8/08,25.64,0.96,125.25,424.15,38.36,164.54,33.49
6/9/08,26.59,1.01,97.92,474.05,40.92,181,36.97
6/10/08,30.27,NA,86.34,531.44,43.48,197.45,36.54
6/11/08,24.87,NA,89.81,471.56,48.59,176.88,36.97
6/12/08,9.82,NA,37.2,439.12,35.81,156.31,36.1
6/13/08,25.35,NA,86.74,513.97,43.48,176.88,37.84
6/14/08,25.28,1.74,88.4,561.38,46.04,189.22,41.32
6/15/08,27.37,3.01,134.27,578.84,43.48,189.22,44.37
6/16/08,26.7,5.94,78.02,551.4,43.48,185.11,40.02
6/17/08,22.89,NA,90.73,436.63,43.48,156.31,36.97
6/18/08,22.94,NA,92.67,466.57,38.36,164.54,38.71
6/19/08,25.06,1.23,95.84,484.03,38.36,172.77,39.58
6/20/08,26.09,NA,99.79,439.12,35.81,160.43,40.45
6/20/08,23.88,4.5,98.13,461.58,33.25,160.43,36.97
6/21/08,28.03,11.43,92.09,503.99,35.81,176.88,37.84
6/22/08,25.83,17.45,84.38,546.41,43.48,189.22,40.89
6/23/08,25.9,17.57,79.6,591.32,40.92,197.45,40.02
6/26/08,26.88,21.08,81.5,648.7,43.48,205.68,43.5
6/27/08,26.53,20.71,81.67,573.85,46.04,189.22,40.02
6/28/08,25.37,12.85,73.41,583.83,48.59,197.45,40.02
6/29/08,24.54,1.33,66.94,656.19,51.15,209.79,41.76
6/30/08,27.08,1.21,67.43,633.73,46.04,201.56,41.32
7/1/08,25.38,3.31,66.2,663.67,48.59,205.68,42.63
7/2/08,25.13,3.32,65.35,656.19,46.04,205.68,44.8
7/3/08,24,NA,91.76,631.24,33.25,181,45.67
7/3/08,28.03,26.03,67.1,708.58,48.59,205.68,42.19
7/4/08,28.67,16.67,61.38,753.49,46.04,213.9,41.76
7/5/08,21.91,14.69,77.56,451.6,46.04,156.31,33.93
7/6/08,24.83,9.05,65.2,536.43,51.15,181,35.67
7/7/08,25.28,1.67,52.26,591.32,51.15,189.22,37.41
7/8/08,27.72,NA,41.36,631.24,51.15,201.56,38.28
7/9/08,29.39,NA,39.35,688.62,53.71,222.13,39.58
7/10/08,23.67,NA,80.33,563.87,46.04,176.88,42.63
7/11/08,22.88,2.29,80.88,578.84,38.36,176.88,42.63
7/12/08,25.94,3.51,78.71,596.31,46.04,181,42.63
7/13/08,23.59,3.28,76.05,616.27,40.92,185.11,43.06
7/14/08,24.1,3.33,75.7,638.72,43.48,189.22,45.24
7/15/08,25.82,4.25,77.19,638.72,40.92,185.11,43.5
7/16/08,24.27,3.86,72.1,658.68,40.92,193.34,44.37
7/17/08,25.29,6.05,75.38,661.18,46.04,193.34,43.93
7/18/08,23.62,4.73,63.63,663.67,46.04,197.45,45.24
7/19/08,24.67,5.72,71.45,631.24,46.04,185.11,43.06
7/20/08,25.39,3.45,65.08,666.17,51.15,197.45,43.93
7/21/08,27.2,4.63,64.47,656.19,48.59,193.34,44.37
7/22/08,27.52,4.28,62.52,668.66,48.59,197.45,43.93
7/23/08,24.69,6.94,69.8,603.79,53.71,189.22,43.06
7/24/08,22.61,6.38,65.92,563.87,51.15,176.88,40.02
7/25/08,20.87,8.24,70.07,491.52,48.59,160.43,37.84
7/26/08,21.84,9.32,86.1,503.99,48.59,164.54,38.71
7/27/08,21.85,5.14,66.13,516.47,48.59,168.65,40.45
7/28/08,21.71,9,66.26,513.97,56.27,168.65,38.71
7/29/08,22.78,6.55,62.47,528.94,51.15,172.77,40.02
7/30/08,24.02,6.7,61.95,526.45,53.71,172.77,40.02
7/31/08,25.37,39.76,61.03,523.95,53.71,168.65,39.15
8/1/08,42.45,45.4,65.45,528.94,56.27,172.77,47.85
8/2/08,24.8,9.19,56.49,546.41,58.82,172.77,42.19
8/3/08,24.52,18.72,57.98,546.41,56.27,176.88,39.58
8/4/08,25.18,NA,50.61,533.93,56.27,168.65,39.58
8/5/08,26.21,NA,82.25,526.45,53.71,168.65,40.02
8/6/08,27.14,NA,49.77,558.88,61.38,172.77,47.41
8/7/08,28.28,48.16,50.55,588.82,61.38,185.11,50.46
8/8/08,27.32,53.72,48.2,591.32,61.38,189.22,54.81
8/9/08,28.47,52.97,46.6,598.8,63.94,189.22,49.59
8/10/08,28.78,52.5,51.93,596.31,63.94,185.11,50.02
8/11/08,28.24,10.93,73.24,601.3,63.94,189.22,53.5
8/12/08,28.43,9.37,45.98,598.8,63.94,189.22,48.28
8/13/08,37.44,9.28,47.15,606.29,63.94,193.34,51.33
8/14/08,149.65,15.89,50.19,586.33,63.94,193.34,47.85
8/15/08,143.07,13.93,53.87,596.31,63.94,197.45,47.85
8/16/08,147.64,12.48,52.15,588.82,63.94,197.45,47.85
8/17/08,144.98,11.25,54.98,581.34,63.94,193.34,43.5
8/18/08,154.61,11.77,58.66,568.86,61.38,189.22,43.5
8/19/08,157.12,11.53,54.02,573.85,63.94,193.34,47.85
8/20/08,155.84,9.65,54.28,581.34,66.5,193.34,47.85
8/21/08,34.28,32.98,66.9,576.35,66.5,185.11,48.28
8/22/08,82.2,10.33,49.94,489.02,79.28,164.54,42.63
8/28/08,35.18,152.15,55.54,563.87,69.05,185.11,49.15
8/29/08,86.23,3.17,62.91,518.96,86.96,176.88,43.93
8/30/08,88.47,3.46,58.26,553.89,84.4,185.11,43.5
8/31/08,87.87,3.71,67.64,566.37,81.84,185.11,43.93
9/1/08,90.72,1.81,50.16,561.38,84.4,185.11,44.37
9/9/08,32.14,17.48,76.89,364.27,81.84,123.41,31.75
9/10/08,31.43,21.76,79.41,369.26,76.73,123.41,30.88
9/11/08,32.01,6.74,76.12,376.75,74.17,123.41,29.58
9/12/08,13.09,2.92,32.56,286.93,63.94,102.84,29.58
9/13/08,20.93,4.54,49.79,289.42,56.27,102.84,29.14
9/14/08,18.53,NA,108.64,301.9,58.82,106.95,32.62
9/15/08,19.36,NA,106.87,326.85,56.27,115.18,32.19
9/16/08,17.5,NA,115.76,311.88,53.71,106.95,32.19
9/17/08,18.47,25.61,120.94,311.88,53.71,111.07,33.93
9/18/08,20.37,12.11,115.04,319.36,56.27,106.95,32.19
9/19/08,19.2,3.19,130.11,309.38,56.27,106.95,30.88
9/20/08,19.55,3.85,119.29,324.35,56.27,111.07,33.06
9/21/08,19.16,3.34,110.88,324.35,56.27,111.07,32.19
9/22/08,19.42,3.46,107.74,314.37,51.15,106.95,30.45
9/23/08,19.43,3.08,113.38,329.34,56.27,115.18,31.32
9/24/08,19.88,3.67,107.37,334.33,58.82,119.29,31.75
9/25/08,83.22,24.49,107.04,316.87,48.59,115.18,30.88
9/26/08,81.01,39.85,104.88,316.87,51.15,115.18,29.58
9/27/08,89.51,23.81,102.17,329.34,51.15,119.29,29.14
9/28/08,87.01,2.3,102.71,261.98,46.04,106.95,32.62
9/29/08,77.88,0.14,109.14,289.42,43.48,115.18,35.67
9/30/08,79.14,0.16,113.33,286.93,35.81,111.07,35.23
10/1/08,73.03,0.09,109.52,264.47,35.81,102.84,34.8
10/2/08,79.97,0,113.69,276.95,33.25,102.84,35.67
10/3/08,81.21,0.12,116.06,261.98,30.69,94.61,33.06
10/4/08,83.62,0.14,117.84,266.97,30.69,94.61,33.06
10/5/08,82.82,0.15,119.74,266.97,28.13,94.61,32.62
10/6/08,83.05,2.94,118.81,271.96,28.13,90.5,32.62
10/7/08,107.78,4.54,119.7,276.95,28.13,94.61,33.06
10/8/08,83.92,0.26,115.82,279.44,30.69,94.61,33.06
10/9/08,83.55,3.9,114.59,284.43,30.69,98.72,33.49
10/10/08,85.19,0.1,110.96,289.42,30.69,94.61,33.93
10/11/08,84.88,4.54,114.94,284.43,30.69,94.61,33.93
10/12/08,85.53,0.49,112.23,281.94,30.69,94.61,32.62
10/13/08,88.17,6.6,113.94,286.93,33.25,98.72,33.49
10/14/08,88.53,2.05,117.47,286.93,33.25,98.72,33.49
10/15/08,89.75,0.21,110.95,294.41,30.69,94.61,31.75
10/16/08,94.08,4.22,116.69,301.9,33.25,102.84,32.62
10/17/08,91.81,6.33,111.7,304.39,35.81,102.84,35.23
10/18/08,93.04,5.55,113.08,299.4,35.81,102.84,34.8
10/19/08,94.99,6.45,112.42,301.9,38.36,106.95,33.93
10/20/08,94.09,10.4,111.67,294.41,33.25,98.72,31.32
10/21/08,96.94,6.86,109.96,291.92,38.36,102.84,34.36
10/22/08,97.78,11.95,106.29,291.92,40.92,102.84,33.93
10/23/08,97.21,7.01,109.13,294.41,40.92,102.84,33.49
10/24/08,98.31,0,109.84,296.91,43.48,106.95,34.36
10/25/08,104.32,0.14,100.16,247.01,58.82,106.95,32.19
10/26/08,64.93,0.07,109.41,139.72,35.81,94.61,26.1
10/26/08,72.96,0.16,109.76,157.19,38.36,94.61,30.01
10/27/08,73.95,0.14,102.32,154.69,33.25,90.5,29.58
10/28/08,75.56,0.03,100.29,159.68,28.13,90.5,27.84
10/29/08,80.37,0.3,106.71,172.16,30.69,90.5,28.71
10/30/08,85.99,0.25,111.99,184.63,30.69,94.61,30.45
10/31/08,78.7,0.08,103.28,192.12,28.13,94.61,29.14
11/1/08,79.04,0.03,105.16,207.09,28.13,94.61,30.88
11/2/08,82.24,0.26,109.85,209.58,28.13,94.61,30.88
11/3/08,76.44,1.33,119.5,219.56,28.13,94.61,31.32
11/4/08,83.36,0.12,102.39,229.54,28.13,94.61,31.75
11/5/08,79.65,1.51,129.66,239.52,28.13,98.72,32.19
11/6/08,86.48,0.04,104.74,252,30.69,98.72,33.06
11/7/08,92.25,3.79,108.41,256.99,28.13,98.72,33.49
11/8/08,90.41,0,105.25,249.5,30.69,98.72,32.19
11/9/08,91.77,0.14,105.91,249.5,28.13,98.72,32.62
11/10/08,90.47,0.2,103.69,249.5,28.13,98.72,33.49
11/11/08,88.58,0.19,102.08,274.45,28.13,98.72,33.06
11/12/08,89.58,0.36,102.12,249.5,30.69,98.72,34.36
11/13/08,89.23,0.62,103.63,232.04,38.36,102.84,33.49
11/14/08,84.3,0.26,104.11,184.63,33.25,98.72,31.75
11/15/08,70.64,0.28,94.96,132.24,33.25,90.5,26.97
3/11/09,38.33,NA,121.57,119.76,21.48,82.27,23.92
3/12/09,42.69,NA,125.45,134.73,22.25,86.38,25.23
3/13/09,39.68,NA,120.19,134.73,25.58,86.38,28.71
3/14/09,42,0.29,124.52,144.71,22.51,90.5,26.53
3/15/09,41.84,0.46,124.27,154.69,25.58,90.5,29.58
3/16/09,46.14,4.29,124.21,149.7,23.79,90.5,27.4
3/17/09,43.59,NA,124.4,129.74,24.3,82.27,26.97
3/18/09,43,4.32,124.96,132.24,23.27,86.38,26.53
3/19/09,43.3,NA,123.7,1222.55,15.35,160.43,29.14
3/20/09,34.98,NA,123.43,144.71,23.53,86.38,24.79
3/21/09,36.77,NA,123.03,152.2,23.79,90.5,26.1
3/22/09,38.47,NA,124.51,157.19,23.79,90.5,25.66
3/23/09,36.31,NA,122.92,164.67,23.79,94.61,26.97
3/24/09,38.06,NA,125.14,172.16,24.04,94.61,27.4
3/25/09,39.43,0.48,130.65,179.64,25.32,98.72,28.71
3/26/09,38.2,NA,120.62,177.15,24.3,94.61,27.84
3/27/09,41.64,622.95,87.81,139.72,23.02,86.38,26.53
3/28/09,33.95,4.61,103.41,122.26,23.02,82.27,25.23
3/29/09,28.66,4.38,100.6,109.78,22.25,78.16,23.92
3/30/09,31.22,4.8,98.87,109.78,22.25,78.16,23.49
3/31/09,29.49,5.03,98.47,114.77,23.27,78.16,24.79
4/1/09,32.94,6.14,105.2,119.76,23.27,82.27,24.36
4/2/09,31.39,4.12,100.87,114.77,24.55,78.16,23.49
4/3/09,28.43,3.6,88.62,82.34,24.04,69.93,22.62
4/4/09,28.28,NA,99.76,104.79,23.79,74.04,23.05
4/5/09,31.33,0.2,99.2,114.77,25.06,78.16,25.23
4/6/09,29.26,3.31,99.66,129.74,24.04,82.27,24.79
4/7/09,32.43,NA,106.77,132.24,24.3,86.38,26.53
4/8/09,31.8,0.31,101.11,74.85,18.93,61.7,24.79
4/9/09,31.05,NA,102.26,144.71,23.02,90.5,25.66
4/10/09,30.65,NA,101.53,149.7,23.53,90.5,26.53
4/11/09,24.7,NA,112.24,162.18,23.27,94.61,27.84
4/12/09,34.17,5.27,104.91,167.17,23.27,94.61,28.27
4/13/09,33.35,5.93,103.95,167.17,23.53,98.72,28.27
4/14/09,32.78,0.55,104.46,134.73,24.81,86.38,25.66
4/15/09,42.89,0.63,106.48,87.33,22.76,74.04,20.88
4/16/09,26.71,1.8,97.07,99.8,22.51,74.04,21.75
4/17/09,22.41,NA,88.16,52.4,25.58,74.04,16.53
4/17/09,22.54,NA,92.16,52.4,24.81,74.04,19.57
4/17/09,60.59,0.5,102.01,72.36,25.58,61.7,29.58
4/17/09,26.83,NA,97.23,104.79,24.55,82.27,22.18
4/18/09,29.06,NA,99.09,119.76,23.53,82.27,22.18
4/19/09,30.67,NA,100.11,134.73,25.06,86.38,23.92
4/20/09,31.57,NA,101.14,142.22,25.06,90.5,24.79
4/21/09,31.02,NA,101.59,144.71,24.81,90.5,24.79
4/22/09,29.88,NA,98.19,127.25,24.3,86.38,23.05
4/23/09,31.01,NA,99.26,127.25,25.58,86.38,25.66
4/24/09,25.61,NA,94.37,57.39,28.13,78.16,17.83
4/24/09,24.95,NA,96.4,57.39,28.13,78.16,22.62
4/24/09,39.95,NA,109.94,127.25,25.32,86.38,25.66
4/24/09,35.31,NA,103.84,134.73,25.32,90.5,27.84
4/25/09,35.19,NA,103.56,142.22,24.55,90.5,24.79
4/26/09,48.23,NA,110.84,152.2,25.58,94.61,26.97
4/27/09,37.83,NA,104.07,162.18,28.13,98.72,26.97
4/28/09,33.98,NA,101.38,169.66,28.13,98.72,28.27
4/29/09,34.46,NA,101.73,179.64,28.13,102.84,31.32
4/30/09,46.51,1.7,117.14,184.63,25.58,102.84,30.01
5/1/09,44.61,NA,104.32,184.63,28.13,102.84,29.14
5/2/09,43.57,NA,105.2,189.62,28.13,106.95,31.75
5/3/09,38.58,6.06,109.64,194.61,25.58,106.95,30.88
5/4/09,70.2,4.98,171.14,182.14,25.58,102.84,29.14
5/5/09,36.17,4.03,101.4,99.8,30.69,78.16,31.75
5/6/09,29.81,2.2,93.69,92.32,25.58,78.16,23.49
5/7/09,34.82,254.77,99.63,84.83,25.58,69.93,23.05
5/8/09,24.41,NA,93.2,54.89,28.13,74.04,18.27
5/8/09,25.9,0.29,92.75,54.89,28.13,74.04,20.88
5/8/09,32.37,7.25,98.97,102.3,25.58,78.16,25.23
5/9/09,34.28,1.26,102.45,119.76,28.13,82.27,26.53
5/10/09,32.54,0.51,99.94,132.24,25.58,86.38,24.79
5/11/09,34.81,NA,101.57,144.71,28.13,90.5,28.71
5/12/09,34,4.05,100.95,157.19,25.58,94.61,26.53
5/13/09,36.06,1.86,102.23,172.16,25.58,98.72,28.27
5/14/09,35.26,1.11,100.68,177.15,28.13,102.84,28.27
5/15/09,41.38,NA,100.6,177.15,40.92,102.84,56.55
5/16/09,34.82,NA,100.21,159.68,25.32,94.61,26.97
5/17/09,29.94,1.72,95.57,109.78,25.58,82.27,23.05
5/18/09,34.49,NA,95.36,109.78,25.58,82.27,26.53
5/19/09,33.06,0.28,98.47,129.74,25.06,86.38,24.79
5/20/09,33.59,NA,99.6,152.2,25.58,94.61,25.66
5/21/09,36.72,NA,107.42,179.64,25.58,102.84,27.4
5/22/09,37.24,NA,122.09,202.1,28.13,106.95,29.58
5/23/09,39.09,NA,105.86,222.06,25.58,111.07,29.14
5/24/09,48.48,NA,107.14,239.52,25.58,115.18,30.88
5/25/09,47.86,NA,103.18,244.51,28.13,119.29,31.32
5/26/09,49.34,NA,101.5,274.45,28.13,123.41,33.06
5/27/09,50.86,NA,103,274.45,28.13,127.52,33.06
5/28/09,53.51,3.89,103.64,274.45,28.13,127.52,33.49
5/29/09,45.81,NA,97.62,222.06,28.13,111.07,29.58
5/30/09,49.29,NA,104.71,219.56,28.13,115.18,30.88
5/31/09,47.32,NA,101.17,229.54,25.58,119.29,31.32
6/1/09,50.3,1.72,103.89,244.51,25.58,123.41,32.62
6/2/09,49.69,NA,101.46,249.5,28.13,123.41,33.06
6/3/09,46.76,NA,94.5,249.5,30.69,123.41,31.32
6/4/09,33.83,NA,98.29,224.55,28.13,119.29,31.75
6/5/09,32.5,0.26,93.58,197.11,30.69,115.18,32.19
6/6/09,33.08,NA,94.62,164.67,28.13,102.84,29.14
6/7/09,66.87,1.37,97.08,159.68,28.13,102.84,28.71
6/8/09,32.78,NA,95.62,182.14,28.13,111.07,30.01
6/9/09,31.13,NA,94.53,162.18,30.69,102.84,28.27
6/10/09,30.69,NA,89.28,137.23,28.13,94.61,27.4
6/11/09,33.98,2.53,89.17,149.7,28.13,98.72,27.4
6/12/09,30.88,NA,88.95,152.2,28.13,98.72,26.97
6/13/09,30.2,2.77,87.44,129.74,28.13,90.5,25.66
6/14/09,30.86,NA,90.54,139.72,25.58,94.61,25.66
6/15/09,32.25,NA,88.52,162.18,28.13,102.84,28.27
6/16/09,36.47,0.33,90.99,192.12,28.13,111.07,30.45
6/17/09,43.9,NA,82.15,197.11,30.69,111.07,30.01
6/18/09,32.66,NA,88.45,179.64,30.69,106.95,30.01
6/19/09,34.07,NA,87.5,144.71,30.69,98.72,29.58
6/20/09,23.78,17.95,83.1,77.35,28.13,65.82,20.01
6/21/09,28.96,4.77,90.17,94.81,28.13,74.04,22.18
6/22/09,29.06,2.82,89.94,114.77,28.13,82.27,23.49
6/23/09,31.77,NA,90.66,137.23,28.13,86.38,26.1
6/24/09,33,NA,91.62,162.18,28.13,94.61,26.97
6/25/09,35.53,NA,92.82,189.62,28.13,102.84,29.14
6/26/09,36.9,0.49,94.52,212.08,28.13,111.07,30.88
6/27/09,37.62,NA,92.97,234.53,28.13,115.18,31.32
6/28/09,40.02,3.49,96.29,249.5,28.13,123.41,32.62
6/29/09,39.31,NA,94.49,249.5,28.13,123.41,33.06
6/30/09,39.26,5.16,89.13,276.95,34.02,126.7,33.93
7/1/09,40.12,5.91,93.63,286.93,31.46,129.99,36.54
7/2/09,40.1,7.94,92.29,286.93,33.76,132.04,40.02
7/3/09,40.38,10.53,94.33,301.9,33.76,139.86,41.32
7/4/09,43.86,5.56,97.78,316.87,33.25,136.57,40.89
7/5/09,43.11,0.56,94.57,339.32,34.02,153.43,40.89
7/6/09,43.78,NA,95.68,341.82,32.74,152.61,41.32
7/7/09,43.26,2.53,97.2,361.78,33.76,158.37,43.06
7/8/09,43.05,4.5,96.39,341.82,34.27,159.61,43.93
7/9/09,45.26,9.48,97.16,359.28,35.04,159.61,64.38
7/10/09,43.86,3.67,95.32,336.83,36.57,160.43,57.42
7/11/09,42.81,8.23,95.58,329.34,36.57,157.14,53.07
7/12/09,37.8,NA,79.81,259.48,41.69,134.1,34.8
7/13/09,39.69,NA,83.19,279.44,40.92,147.26,37.41
7/14/09,49.41,NA,84.67,284.43,39.9,149.73,37.41
7/15/09,54.39,NA,78.65,301.9,40.41,155.9,37.84
7/16/09,48.82,NA,79.64,306.89,38.36,157.55,36.1
7/17/09,44.8,NA,85.58,319.36,38.87,161.66,39.58
7/18/09,46.78,NA,72.98,296.91,40.92,148.09,37.41
7/19/09,50.02,2.11,79.06,336.83,39.13,161.25,41.32
7/20/09,44.77,4.13,85.72,361.78,38.87,170.3,43.06
7/21/09,45.59,1.29,83.81,384.23,39.13,178.53,45.67
7/22/09,53.44,NA,79.89,394.21,39.39,182.23,47.41
7/23/09,52.33,NA,74.99,401.7,38.36,178.94,46.11
7/24/09,43.73,NA,59.15,324.35,42.71,149.32,35.67
7/25/09,52.65,20.18,73.59,371.76,40.41,160.84,43.93
7/26/09,52.61,15.16,70.13,389.22,44.76,178.94,48.72
7/27/09,51.59,2.15,73.69,401.7,40.15,183.46,44.37
7/28/09,67.04,4.78,76.79,411.68,41.94,189.22,49.15
7/29/09,52.48,6.83,75.26,399.2,41.18,182.23,45.67
7/30/09,53.18,13.54,69.6,416.67,41.18,185.93,43.93
7/31/09,42.43,6.65,75.09,389.22,43.48,174.41,41.32
8/1/09,55.43,4.89,75.39,376.75,42.71,158.78,42.19
8/2/09,42.31,4.85,78.09,369.26,43.48,178.12,43.06
8/3/09,52.87,10.14,80.29,379.24,41.43,182.23,44.37
8/4/09,45.15,1.12,82.58,381.74,40.15,183.05,46.98
8/6/09,45.16,1.31,83.97,394.21,40.41,190.46,48.28
8/7/09,45.92,1.7,85.48,414.17,37.85,191.28,45.24
8/8/09,68.56,4.49,83.13,404.19,39.13,191.69,46.98
8/9/09,53.21,NA,74.9,419.16,39.13,192.51,45.67
8/10/09,55.04,3.03,73.85,416.67,41.94,194.98,45.67
8/11/09,55.64,8.38,72.06,439.12,40.92,197.04,45.67
8/12/09,56.97,NA,73.46,449.1,41.18,200.33,45.67
8/13/09,48.2,12.97,60.87,346.81,48.34,156.31,41.32
8/14/09,50.42,21.8,67.33,359.28,45.78,160.43,36.54
8/15/09,48,12.3,61.13,386.73,44.5,172.36,38.28
8/16/09,50.57,1.49,60.48,411.68,44.25,179.76,40.02
8/17/09,51.7,8.47,56.59,429.14,43.48,184.7,39.15
8/18/09,52.87,26.88,56.91,424.15,43.73,181.82,44.8
8/19/09,54.31,26.13,56.8,436.63,45.78,171.95,48.28
8/20/09,55.17,24.17,51.83,454.09,42.97,172.77,45.24
8/21/09,57.17,30.71,49.5,466.57,47.31,196.22,43.5
8/22/09,57.43,22.76,50.73,471.56,48.34,199.1,45.67
8/23/09,58.19,11.28,49.85,491.52,48.08,207.32,43.5
8/24/09,58.78,22.99,56.9,479.04,48.85,204.03,44.8
8/25/09,60.42,21.25,53.36,491.52,48.85,209.38,48.28
8/26/09,60.03,16.83,52.08,494.01,50.38,210.61,49.15
8/27/09,60.14,20.68,47.81,528.94,51.41,221.72,45.67
8/28/09,61.6,17.28,47.34,528.94,50.38,222.13,44.8
8/29/09,32.65,NA,58.56,294.41,46.29,134.92,27.4
8/30/09,42.46,0.29,56.05,339.32,48.08,155.08,32.19
8/31/09,44.41,1.2,60.52,354.29,47.31,162.9,33.93
9/1/09,46.29,NA,61.68,369.26,47.83,167.42,35.67
9/2/09,46.91,3.87,64.29,374.25,48.08,169.89,35.23
9/3/09,50.75,0.88,60.65,376.75,47.06,169.89,34.8
9/4/09,50.3,11.72,61.2,374.25,48.59,169.89,35.67
9/5/09,49.34,14.7,60.04,379.24,49.62,174,37.41
9/6/09,47.53,7.06,59.02,394.21,47.57,175.65,35.23
9/7/09,54.05,19.05,57.64,396.71,53.71,181,43.06
9/8/09,49.16,7.59,54.37,394.21,50.38,177.29,35.67
9/9/09,49.17,4.13,53.43,401.7,47.57,177.7,34.8
9/10/09,49.25,5.15,52.71,399.2,48.85,177.7,33.93
9/11/09,51.2,10.88,53.7,391.72,48.85,174.41,34.8
9/12/09,42.1,3.42,55.14,264.47,45.78,128.75,28.71
9/13/09,40.52,0.68,56.57,281.94,45.52,134.51,30.01
9/14/09,41.92,NA,55.21,281.94,44.25,134.1,27.4
9/15/09,43.5,NA,57.22,289.42,48.59,139.04,31.75
9/16/09,42.83,NA,56.36,291.92,46.04,139.45,29.14
9/17/09,42.79,20.62,56.76,301.9,46.55,143.15,30.01
9/18/09,63.3,11.13,57.87,294.41,49.1,141.92,31.32
9/19/09,44.34,18.42,53.54,299.4,48.59,142.33,31.75
9/20/09,44.48,4.78,53.26,299.4,48.59,143.56,31.75
9/21/09,44.12,28.14,52.48,306.89,48.85,145.21,30.88
9/22/09,44.67,7.79,49.9,316.87,47.83,147.26,29.14
9/23/09,45.06,12.39,48.44,311.88,47.57,146.03,28.27
9/24/09,46.28,4.04,45.95,321.86,49.87,148.91,30.45
9/25/09,54.02,2.37,44.58,334.33,52.43,155.08,30.88
9/26/09,45.95,39.39,49.43,309.38,51.15,145.21,30.01
9/27/09,31.68,2,67.04,240.27,50.64,120.53,27.84
9/28/09,33.22,NA,76.17,274.45,47.83,133.69,30.01
9/29/09,36.35,NA,86.36,301.9,47.83,150.14,36.54
9/30/09,38.73,NA,89.24,306.89,47.83,151.38,37.84
10/1/09,37.22,NA,88.5,304.39,47.57,150.56,36.54
10/2/09,37.51,9.45,89.3,304.39,50.13,152.2,38.28
10/3/09,39.59,3.02,93.8,324.35,49.36,157.55,37.41
10/4/09,41.45,16.2,95.98,334.33,50.38,161.66,39.15
10/5/09,40.45,NA,94.87,331.84,50.13,160.84,37.84
10/6/09,41.62,13.98,95.4,331.84,50.38,160.84,40.02
10/7/09,41.86,15.12,95.5,334.33,52.17,162.9,40.02
10/8/09,43.66,18.89,97.29,341.82,53.2,155.08,37.84
10/9/09,41.98,6.93,93.06,344.31,57.54,161.66,43.5
10/10/09,42.08,NA,86.98,361.78,62.15,164.13,44.37
10/11/09,42.87,3.78,92.43,361.78,56.52,146.03,42.63
10/12/09,44.37,NA,93.64,366.77,56.01,164.95,42.63
10/13/09,46.83,NA,93.75,381.74,59.08,166.19,46.54
10/14/09,44.68,NA,94.43,374.25,57.8,163.72,45.67
10/15/09,44.2,NA,92.04,369.26,57.54,165.78,42.19
10/16/09,40.34,NA,93.12,256.99,49.1,136.57,37.84
10/17/09,32.8,NA,89.35,127.25,38.11,90.91,27.4
10/18/09,30.54,0.57,91.56,103.29,29.41,83.5,25.23
10/19/09,30.32,0.04,94.66,110.28,29.41,89.68,27.4
10/20/09,31.3,0.8,96.86,126.75,31.2,97.08,26.1
10/21/09,33.06,1.5,98.56,145.96,35.04,103.25,29.58
10/22/09,33.75,NA,98.93,166.67,30.43,111.48,31.32
10/23/09,35.36,3.21,101.34,180.89,35.55,117.24,35.67
10/24/09,24.16,0.11,90.77,68.36,29.92,53.48,17.4
10/25/09,29.07,0.13,100.82,92.56,35.29,70.75,20.88
10/26/09,29.75,NA,99.55,101.05,31.2,76.1,23.05
10/27/09,26.46,NA,85.47,57.39,32.74,76.1,20.44
10/27/09,24.85,NA,84.86,52.64,27.11,70.75,20.01
10/27/09,32.15,NA,95.62,124,32.99,90.91,25.66
10/28/09,30.7,NA,99.66,107.78,27.62,77.75,23.49
10/29/09,36.75,4.48,89.19,142.96,37.34,106.54,26.1
10/30/09,43.16,0.02,68.04,192.37,41.69,137.39,24.79
10/31/09,37.35,0.04,77.63,182.39,37.08,127.11,23.92
11/1/09,50.69,NA,54.78,271.96,42.71,193.75,26.97
11/2/09,54.66,NA,64.69,301.9,42.2,204.85,25.23
11/3/09,56.61,NA,53.64,336.83,48.08,225.01,30.01
11/4/09,56.82,NA,55.7,344.31,43.22,227.48,27.84
11/5/09,58.9,NA,48.44,366.77,45.52,236.94,28.27
11/6/09,59.61,NA,49.37,379.24,42.46,236.12,27.84
11/7/09,56.73,NA,47.18,386.73,45.01,241.46,29.14
11/8/09,55.88,NA,49.09,366.77,40.66,223.36,28.27
11/9/09,55.16,NA,48.23,364.27,40.66,216.37,28.27
11/10/09,60.37,6.15,51.99,354.29,39.64,208.14,29.58
11/11/09,58.98,NA,43.65,391.72,45.01,224.6,30.88
11/12/09,62.96,NA,42.18,439.12,49.36,250.93,32.19
11/13/09,59.54,9.06,40.82,436.63,48.59,246.4,31.75
11/14/09,56.18,NA,51.94,354.29,44.25,205.68,30.88
11/15/09,58.21,NA,44.31,401.7,44.76,227.07,31.32
11/16/09,61.09,NA,45.41,399.2,43.73,223.36,31.32
11/17/09,61.82,NA,40.45,444.11,50.13,244.34,34.8
11/18/09,61.2,NA,43.55,451.6,44.5,250.51,33.93
11/19/09,67.75,NA,47.54,436.63,43.73,239,33.49
11/20/09,41.3,NA,100.01,218.31,36.06,132.04,36.97
11/20/09,32.74,0.21,93.4,129.24,28.64,98.72,28.27
11/21/09,40.07,NA,99.8,206.09,32.99,127.52,33.93
11/21/09,35.33,0.04,92.41,137.72,27.88,100.78,26.97
11/22/09,40.57,0.44,97.49,202.35,31.2,127.52,36.54
11/22/09,31.6,0.03,94.78,111.03,28.13,89.26,25.66
11/23/09,36.93,1.46,98.77,185.88,29.67,118.88,33.49
11/23/09,30.58,3.08,94.01,90.32,26.85,79.39,23.49
11/24/09,36.04,NA,96.8,181.39,32.74,119.7,30.88
11/25/09,35.13,1.66,94.33,162.67,30.95,114.77,31.75
11/26/09,34.04,NA,94.21,149.2,27.11,105.72,27.84
11/27/09,26.76,0.54,73.32,133.23,30.18,97.9,28.27
11/29/09,31.76,NA,92,117.51,24.81,92.55,23.49
11/30/09,32.1,NA,91.77,125,28.64,96.67,25.23
12/4/09,28.81,NA,93.14,89.57,23.79,79.8,21.75
12/8/09,27.52,NA,91.54,59.63,26.6,77.75,19.14
12/8/09,26.37,0.11,92.56,61.13,26.09,80.21,20.88
12/8/09,32.43,0.09,99.3,126.25,23.02,90.09,23.49
3/25/10,50.22,6.53,104.14,65.67,22.57,36.94,15.88
4/8/10,29.13,NA,96.08,16.8,11.51,95.09,25.64
4/8/10,41.49,NA,96.02,64.31,20.63,67.41,26.45
4/10/10,46.96,1.05,97.32,243.47,27.8,109.27,28.15
4/11/10,24.31,NA,93.24,286.22,26.4,122.97,29.83
4/12/10,20.28,NA,88.65,285.52,26.54,122.13,30.26
4/13/10,25.27,NA,96.79,282.63,26.55,121.65,31.05
4/14/10,21.88,NA,95.52,757.63,23.14,431.42,153.58
4/15/10,22.91,NA,94.8,303.46,25.56,126.56,31.68
4/16/10,22.19,NA,88.16,304.81,26.35,130.36,32.4
4/17/10,22.67,NA,90.17,316.17,28.71,137.41,32.73
4/18/10,24,NA,92.1,321.33,27.8,136.67,31.94
4/19/10,22.49,NA,93.35,328.97,26.86,136.31,32.87
4/20/10,24.12,NA,89.73,333.91,27.11,136.3,33.23
4/21/10,22.46,NA,89.76,357.27,28.2,146.21,33.22
4/22/10,22.14,NA,89.59,721.8,23.39,424.9,153.16
4/23/10,25.07,NA,85.22,379.85,28.91,153.5,33.37
4/24/10,24.88,NA,92.3,397.8,31.61,159.19,35.16
4/25/10,29.99,NA,85.69,389.43,30.43,153.9,37.4
4/26/10,27.81,4.15,84.72,369.58,32.75,152.79,36.48
4/27/10,20.9,NA,90.78,392.78,32.75,160.65,36.13
4/28/10,29.27,NA,130.85,131.74,26.12,88.79,24.27
4/29/10,20.94,NA,79.22,6.46,18.97,80.42,28.86
4/29/10,24.7,NA,117.18,64.14,27.85,83.71,21.7
4/29/10,18.9,NA,89.35,157.72,29.02,95.59,26.68
4/29/10,43.58,1.14,139.08,149.62,26.65,94.62,25.08
4/30/10,30.38,NA,126.17,173.26,27.46,101.49,27.76
5/11/10,40.81,1.53,87.95,249.23,28.03,120.49,30.79
5/12/10,25.2,8.39,77.98,81.77,27.07,70.16,20.42
5/13/10,19.76,NA,75.78,55.9,28.77,74.44,21.65
5/13/10,23.55,NA,84.69,111.62,26.62,79.57,22.23
5/13/10,27.88,7.23,78.11,107.17,26.27,77,21.05
5/14/10,34.1,11.04,81.86,131.41,27.42,83.41,23.69
5/15/10,37.27,NA,82.45,153.4,27.14,89.6,23.95
5/16/10,38.3,5.73,82.86,176.44,27.93,96.15,26.44
5/17/10,37.19,7.35,93.13,201.1,28.45,104.54,27.82
5/18/10,65.22,3.43,89.29,225.73,28.21,107.18,27.91
5/18/10,37.1,2.75,89.31,213.76,28.08,106.53,27.97
5/27/10,23.36,1.73,89.51,59.49,29.13,82.51,22.36
5/27/10,33.86,NA,99.81,234.59,29.72,118.96,29.24
6/1/10,55.73,NA,93.28,338.6,35.54,147.21,37.25
6/2/10,38.25,NA,89.78,345.87,35.01,151.65,39.15
6/3/10,53.23,NA,88.93,372.12,48.33,159.08,43.53
6/4/10,51.72,NA,84.84,381.82,36.78,160.83,39.48
6/5/10,48.98,NA,82.02,406.27,38.27,167.79,41.72
6/6/10,58.09,NA,88.23,403.75,36.37,167.95,39.73
6/7/10,50.42,NA,98.9,452.73,32.77,165.55,38.75
6/7/10,56.69,NA,98.06,397.25,32.65,162.59,38.84
6/7/10,49.61,NA,95.04,417.41,36.06,168.25,40.33