Cl_SO4,Ca_SO4,K_SO4,Mg_SO4,Na_SO4
0.22323882327109767,0.07473713583909201,0.10419633681544263,0.12524953582546408,0.11699952849114816
0.193965844860752,0.0695245772018622,0.09824729590974704,0.11904712685069446,0.11936750927815028
0.21285260882886078,0.07342705612980077,0.10916790585286602,0.13065972147230112,0.1310113559875003
0.25923289608119426,0.07892281827301362,0.11664669524619753,0.13707361640157975,0.1587755195539255
0.18482159805835266,0.07390475376307735,0.10476731400340604,0.1217234294902222,0.11825390899323039
0.22240915580096987,0.085737440913006,0.11681507900249545,0.13426295865202054,0.14046956008973527
0.23176817585466625,0.0881778864061636,0.10906478391522503,0.13606124485175974,0.1331289903110595
0.2268059506852498,0.08914599973949544,0.11633996391267469,0.14192176294084902,0.13636692165916678
0.21989029348228936,0.08213615270045704,0.11980707847448277,0.1328752725694104,0.144197735821108
0.20820554492495172,0.0775301803361283,0.11506818424949639,0.13225514202428593,0.13092790573477617
0.20859544374180805,0.07385356209838607,0.11040134454549917,0.12826930237013526,0.12698206566742562
0.20500912238781405,0.07586524107767478,0.11259712670099904,0.12941499929362374,0.12572624360749288
0.1869303042230027,0.079657093714967,0.11542356938822905,0.13119771241364958,0.1347833241661916
0.2231156701789729,0.0861204855138121,0.12062942452624643,0.137115015862891,0.13833012208172402
0.20328272504297698,0.07453826421808911,0.10215464931588646,0.11484639957552038,0.11586416246207643
0.2271234476741349,0.0820905769854831,0.11071577282371572,0.13068942454688307,0.12557421884826947
0.22735731776277263,0.0791993381721169,0.11349220969268402,0.1369604140783445,0.1291347163352864
0.21922248674541536,0.08183741257702432,0.12281796574612605,0.1465768433161126,0.1460560903598067
0.14959765074784273,0.05831595838188099,0.08633164113217918,0.10084652210098694,0.10585091100100524
0.21190838324249114,0.08066728025120208,0.11817890803210393,0.1394989448241142,0.13649260444534533
0.2111796820520356,0.07932913125876176,0.11424481198011102,0.1348551191429644,0.12957686746866884
0.2142606749907179,0.060702463628781685,0.08854304206444058,0.10755731994579502,0.13802136156567452
0.08064554888212991,0.028468970148919175,0.12229963697210675,0.11924536923344739,0.1110580971066862
0.09012294859798349,0.030844035497493826,0.12981788666535535,0.13013863997553607,0.12753388703224014
0.10555969995933179,0.06956596557430159,0.11822684882428026,0.12991493622441144,0.12928169026284586
0.06333510504910028,0.023624702725081343,0.11003343359925409,0.10058527382672086,0.08979632008188106
0.08952947637752337,0.028917061677107565,0.12879099738906782,0.12283862254569533,0.13379706576391157
0.057254774943027144,0.04017504270260026,0.06956535910483032,0.07614874970180667,0.08421542460445829
0.21746601873886823,0.07678040415004653,0.11294474111648346,0.12431210775521143,0.1184196292756677
0.23436488118279505,0.08769473984775993,0.12014928098888962,0.13743427999923064,0.1271641506703753
0.19922493696686913,0.06714995053610749,0.107052001086607,0.11662643025912796,0.1110982581216146
0.045127978928431484,0.03684540605652765,0.05561767339996469,0.06589830382913539,0.06831923147087432
0.10163188754869909,0.06657238953622105,0.08978259114258072,0.10949123530445762,0.11523808227998635
0.08862388564719396,0.06913667475618755,0.09549922983811121,0.10993499916698332,0.12500674649609123
0.10346084069035441,0.07915810205495202,0.0955904828433913,0.12373053114184179,0.13650621287203105
0.08799666935025514,0.07594502515557523,0.09301386101130328,0.11711045197339096,0.12325731024514477
0.08887147496204593,0.08542250829313514,0.10636822349900402,0.1367767798035237,0.14094452954254927
0.10080567471691587,0.06116850965366509,0.11320190336501054,0.13152299468796483,0.1312823764838915
0.09047712739278625,0.04453774367479071,0.08741005969525563,0.09844726422974161,0.10095663621380173
0.05607530742439954,0.023540299511922255,0.09193806781905788,0.09401143209466292,0.08097354245906939
0.06313052766001899,0.022908889394486844,0.08967252414265603,0.0923132065419824,0.09963754468187007
0.09745675116865185,0.06241717496317259,0.09703238384419001,0.1115194788218146,0.11786337445927313
0.10455557706914703,0.059126974510036255,0.09276404874273113,0.11223402695356924,0.11342525594894318
0.09112435890631973,0.06546859645638024,0.09423514005384541,0.11183447226423039,0.1176097801256897
0.12067470583762947,0.09005135471390574,0.11922725049514715,0.1440163976306673,0.14941102295360484
0.11679665003035616,0.07547522692917795,0.11627863030253573,0.13618806955141236,0.1406955869995663
0.0849614307683135,0.06151353672482888,0.08854531281806854,0.10569378922220592,0.10654099937637852
0.11291244780261307,0.07357257519043373,0.10386356719761065,0.12916434946286529,0.13268089033285463
0.1193443783581314,0.08340054591043451,0.11635686639941022,0.1509804734940173,0.14293878411703675
0.1085606527108828,0.07189447209224521,0.11250255900691698,0.13034658468314952,0.1337921914562245
0.10901848412011247,0.07204626464314991,0.10903707179299246,0.1358713604946366,0.1340217957052203
0.1177368436287706,0.07518969355283239,0.10648161799998807,0.13906680832110443,0.13256436727874849
0.11500449246439891,0.06969162571127371,0.08986847788849668,0.11453333390746423,0.11094736142888403
0.12339122703933697,0.09382115193794774,0.13535498437831445,0.1438872236005541,0.15598502655175417
0.12111957021863079,0.09635904185367115,0.10406766310193216,0.13611592879235565,0.13724147247229965
0.11445987630492131,0.10227124585206765,0.11678717374665257,0.14206439122938153,0.1453103380746908
0.11800610421528006,0.116916090815865,0.10813441074998356,0.15055293459045568,0.15011927459839383
0.08642144623483065,0.10220364932307076,0.09493164790290012,0.12950106337344097,0.15357734518882432
0.11643887636051785,0.1060569071902429,0.10755048164813084,0.1462448123017383,0.1577932807942309
0.07025068990148202,0.11987057720217852,0.11431353430214335,0.15626102132889413,0.15258714425512598
0.05346975767105917,0.09392621957906762,0.09443979452789318,0.11758802364012579,0.11965212281365445
0.07347811300272025,0.14166016717700913,0.13707872533360227,0.17490527820505128,0.1771505208394338
0.08041559092427786,0.1474199015620173,0.13270774684600148,0.17785436912920646,0.1810777882804277
0.0802931372365256,0.158584349349252,0.14243983393120735,0.1916888749680367,0.2077939018378973
0.0743707406089212,0.1589188831883871,0.17701824277659495,0.185140729755558,0.16602121765748554
0.05629326391196822,0.12088014414995589,0.12078845610811738,0.13983362149291123,0.12301760100561854
0.14383387565006897,0.142503743585912,0.1292651394247004,0.1641280516171441,0.13708260910720726
0.07147784246262774,0.18735295227000057,0.13600373272229727,0.20741403315542165,0.17047924046704752
0.06865635784895294,0.19351152766929908,0.15595978515287226,0.21747919402253035,0.1564053454855763
0.09107253116749538,0.27664183124940794,0.21280213680717833,0.30600683460473216,0.2208473664069528
0.11758200220249843,0.35172828930934624,0.25644205909104184,0.3785899230669454,0.2475544158356974
0.09287344671992508,0.30003876370709465,0.2755078432183162,0.32604533410720005,0.24079026966450082
0.0885337831283748,0.6745363877201184,0.490199817705443,0.6956131439444947,0.5676471228345086
0.09801646159076428,0.3385972738786245,0.2552594809997758,0.3375850986415453,0.25517956268957714
0.09591030655239298,0.3628856342102527,0.2652130037068122,0.35435513417435904,0.2734149305904333
0.06836538801056888,0.2463455097505243,0.1649006284495461,0.23329853177190243,0.19329677966321587
0.11477460053120614,0.40385542436700694,0.2837888667254621,0.3927786664029013,0.30004425608503604
0.08461266155067212,0.27499687948617374,0.24403402823675246,0.285206755811035,0.23834866216872938
0.08302229319583182,0.28770191476203666,0.21079058045103324,0.29393837327421957,0.24434203536008434
0.08769498055284253,0.28859618083278893,0.20381847965773423,0.2984320653997146,0.24157009146435843
0.08768544916593471,0.25145559297713604,0.18273808215895862,0.26614757734304983,0.23710771334872444
0.0816155662509373,0.26878825551270463,0.1725446965543751,0.2706498190468047,0.2203747489918355
0.10208245344033459,0.3127336049642678,0.19801751784821892,0.3179729770460162,0.2403548188478002
0.10266569692876647,0.3700362085989292,0.2623987601554936,0.3712371872601724,0.28345999062431393
0.10912573223618928,0.4244969802688912,0.26177870899697114,0.4106464065025134,0.29408860376576024
0.11061451771925904,0.4548323997510447,0.2716712562198841,0.41779035649308943,0.31220929394177793
0.108946973164722,0.4015142239092282,0.28706782818271337,0.3835556980655484,0.2866346621740481
0.11590594645918804,0.4544606527957926,0.3370570685116058,0.44527249635744537,0.3188864304557214
0.12295022416112647,0.5601560156464708,0.38910937474153906,0.5188275524715532,0.36491268536009414
0.13469019288121933,0.5370518433501623,0.3476913766525612,0.4948517909811515,0.358444014002585
0.1285802017396079,0.5728742501860852,0.3737667582996522,0.5143491548970814,0.3766790982950121
0.12896960543742592,0.5737849072283819,0.35875791167073,0.5210392357182371,0.40100205754697327
0.08771993704578336,0.3931028667141847,0.18452278850131676,0.3265495776427133,0.2911332346318635
0.14010094094367234,0.603436359316616,0.36875349328520085,0.5074502839670163,0.3677910732238362
0.15665392595756994,0.7014806786896548,0.3819620320573836,0.576909720930348,0.39796766304993
0.09474254608526995,0.33272178517778805,0.30227990623623263,0.33363601024671485,0.2558940796271122
0.12772314336724339,0.4701436415108156,0.39949358198157403,0.4595734546701744,0.32001452629032234
0.16223633944185878,0.6465740457214646,0.49841143408340277,0.599406694623294,0.4187284617753389
0.22477767272572172,0.8721257023620307,0.6297626098935838,0.8067663507219306,0.5413842011969128
0.2504928441670972,1,0.6950598142556615,0.9345153435143959,0.5883628352209431
0.09882366710756153,0.40111262058501435,0.291856461193604,0.3645229858853185,0.31042146529478154
0.09487577839885548,0.408961567683023,0.24151784236396207,0.3620441574699263,0.30831053792198077
0.11053009259780042,0.43291963609376144,0.2978634166901563,0.3806910080611787,0.31681052353106093
0.10403253877719938,0.46305962218389074,0.2739984909422604,0.4029532091091961,0.3311989764949968
0.1067730472820553,0.4821473015143683,0.2924862269738514,0.41380441031721715,0.34957542608329056
0.11218522711823117,0.4728404032211126,0.2699518750635951,0.39700209292336264,0.32964188957449025
0.1128950723208522,0.5220406440330458,0.28900950396891684,0.44392582037921063,0.3599716866210818
0.1125208931390898,0.5012203318507692,0.311021882829427,0.42460933469542433,0.3408939149850041
0.12449687334252969,0.5960124998007046,0.3684555952802484,0.5137113618984765,0.41588652765213097
0.1157996884262486,0.5048442134316807,0.32812917463516034,0.4288956130546447,0.35252179373610226
0.13084454795259826,0.5849282965956855,0.40023020198522785,0.5022657338291343,0.39484608653303016
0.14149845840076355,0.5816169332615907,0.38379648517817555,0.4964642725196383,0.40257419893562896
0.14762840742282213,0.6111551549880849,0.395767104917418,0.5228319570953305,0.4110138085663724
0.11863317176563845,0.4943056766745567,0.39184245975587795,0.44878214700592184,0.3608550453072279
0.11503336871794703,0.48879515794287315,0.39513018120750343,0.44420709126467894,0.35511912712006233
0.09989202244464523,0.4008428868086071,0.35312343940969,0.37903334869506133,0.31588804435127615
0.08507264918957241,0.33449056540254846,0.28737931938951194,0.31636781708852413,0.26298695025341484
0.11081368396817233,0.44628437496386303,0.3741623982978524,0.4221937299195662,0.35779492991182843
0.10988764507263098,0.4432527548480514,0.43245134072927754,0.4213653993296244,0.34173221275006055
0.12229893870608176,0.48383803936034225,0.4169518416071495,0.457847433134443,0.37473111669208437
0.13003856456024507,0.4856025112418518,0.4414948134134024,0.4616905431462252,0.37787655947949167
0.13941759019447802,0.4905819661036269,0.4481501505974157,0.4574745430047667,0.375234339023913
0.21752466986247768,0.461808438790536,0.43780329773448334,0.4370012092881383,0.42764802447487227
0.14723822748743348,0.5527288950535961,0.5302311153916923,0.5063149079112879,0.4368699064138681
0.1418347767188635,0.5385245822969584,0.49420879332048867,0.5050384866534605,0.3993114447386015
0.16686292913062706,0.602855310143782,0.5661771554380939,0.5516631369211799,0.45746053281849663
0.10687388303203929,0.3657516786800331,0.3325301360603074,0.3394488919097983,0.2846134086292342
0.18288693308296008,0.6416763488860351,0.6280164326750723,0.5746781022284237,0.5572069099471567
0.1876284624559184,0.6656202067116789,0.618325971399374,0.6062233739417282,0.5839024065134656
0.19009650456875168,0.7010365068341025,0.6484725695900073,0.6498961381952976,0.6651612530058335
0.2049000314037475,0.7342787833551034,0.6987124463519314,0.6722101686912734,0.62247565450924
0.1858715589601232,0.6561737831107253,0.626997881763913,0.5901134518150272,0.5634294503263103
0.1293173603874177,0.4691459514537984,0.4445658110322229,0.42770335692262895,0.4272869463673632
0.20737116487695587,0.7441798891767687,0.7081339712918662,0.6812743336453533,0.6142037637493496
0.26631438007170494,0.7347909737436358,0.6905620360551433,0.678834605500341,0.6368010137514482
1,0.6675595676801654,0.6487348077306236,0.6377177057051422,0.5576721100195335
0.8907217887464786,0.6325432440493775,0.6044180434379062,0.6067839977278646,0.5195760757727936
0.9494895696221832,0.6451984937540818,0.6243528283796741,0.6267968160613627,0.5367126213208129
0.8843900226999897,0.6042137099732862,0.5922153510367407,0.582158087474374,0.4628057012778265
0.8839668853418519,0.5541514104863695,0.5328397179379195,0.534009441885669,0.4337718625341783
0.9754777437617305,0.6070282611378501,0.6027397260273972,0.5925037328645146,0.518133343241029
0.9628964267151479,0.6120057069699939,0.623869236288903,0.5896656530829234,0.5156514959815842
0.1718522291924805,0.4922948407592681,0.5061826927617586,0.45806564353892915,0.4221388498833347
0.552031365135657,0.5595555246005351,0.8084010477884692,0.5454399089171391,0.4993223129180978
0.21243713425191726,0.5801472238313684,0.6330960031961906,0.5517571399487642,0.5176447642477529
0.4597049449828968,0.47138884857364677,0.7039010453638707,0.4654606812298146,0.40846579735446836
0.5092910233731092,0.5432730339258794,0.737706704738748,0.5259971086981525,0.43675004216022834
0.4356899096116841,0.4784777497297838,0.6161320294547281,0.4530542807917558,0.37990217787654645
0.6065770689823303,0.6395352883609717,0.8568339836140244,0.6109368331888828,0.5174234171726475
0.1401898225525315,0.27071894537839675,0.5420102805607726,0.26570788826278874,0.24153943586705984
0.13274239817349914,0.2657187336315472,0.4920415370205439,0.25727590389781924,0.22746588684917687
0.14103515138405795,0.28282616586108467,0.4961822951791872,0.26839568482036025,0.22730739713942893
0.13483285323412283,0.5035663098800242,1,0.5228795155741215,0.5314078338529893
0.14098326905512337,0.332163201387858,0.5755016235533628,0.3419352686702831,0.34234311661865713
0.05720396561047943,0.1587955986036661,0.2757065142532833,0.16297274793218317,0.17563391359483918
0.06075611816361628,0.17476633732556793,0.26812225916273913,0.1784206927289146,0.1761892253918651
0.050701406252922326,0.1539551113283928,0.23626990057844055,0.15294885396814423,0.16265845298573448
0.05121974425636003,0.14736103594654165,0.2261501876216329,0.15203751549264194,0.16410736576714752
0.05938580261686169,0.15863417387272982,0.24908054447776368,0.15390611383303526,0.16367648224642406
0.049491546680938164,0.1358772231745936,0.22023077270557168,0.13607992725657042,0.13882919125888196
0.05496461593103891,0.1553727914314282,0.2402064367232956,0.15414047383418658,0.16211118842110592
0.05795391266490498,0.1671574701466006,0.25842555769049363,0.16583168401587406,0.1698173026481658
0.06045228607484663,0.1667359424056303,0.2417577644811456,0.16433413157000537,0.1653196604731616
0.057474714476071845,0.16598663977236994,0.25272734024274063,0.16817621654559095,0.16158441849094665
0.06209746930226595,0.17793340919183695,0.27896764187833384,0.18392681140167721,0.1729716608346673
0.2607486601771847,0.16916095492256147,0.23115993459862647,0.1781373265315686,0.16875061728973403
0.2590516888758744,0.17264481898275155,0.24835031984361772,0.18180605865693272,0.1649755822869311
0.29382492789854736,0.18419854377401684,0.25493766805518864,0.19328787060974928,0.1668323752221096
0.2841167995826305,0.14575401043727418,0.228262384652733,0.17238204006768942,0.185774202832668
0.23932191422646973,0.15153386290179083,0.20286977626828434,0.17470972541633775,0.19117598601914074
0.2342025566346181,0.14467589384711543,0.16090561385901775,0.16224668775858217,0.18183686420469974
0.22363941112168959,0.13799014937381568,0.16650322515195837,0.15545066679230637,0.18586601502012343
0.23590943150342558,0.139201593760411,0.14892964265002048,0.14974894033858208,0.18352491084641587
0.23467532001691113,0.12898840610040008,0.13465611689745974,0.13495172264782587,0.16662281291361125
0.23798955880081357,0.1294597703627687,0.13262210562728424,0.13291324618556238,0.16410593743002141
0.23197247003210147,0.1274055398325427,0.11963058945513216,0.13080421689081903,0.15935250019160957
0.23443751830893014,0.13080283029277748,0.12056701272079391,0.126101293007724,0.1605998516365906
0.30198439633999796,0.1322124410578206,0.11967056626029678,0.13084792757315514,0.16155592035717398
0.24300901724123108,0.13787010828897417,0.13493514874045223,0.13523136703942906,0.1669680855357773
0.24453453905171932,0.14183838790090947,0.13638353195845343,0.14262064088284887,0.17095531479246381
0.2574913502811535,0.14904835794071242,0.14084524988391472,0.14115444241624614,0.1788675632289007
0.2476707119698297,0.14140648050778856,0.13596823496710614,0.13626672116327362,0.1726739587252377
0.2555936050731578,0.14355318651124793,0.1392514383597895,0.13955713205476852,0.17001575668665533
0.2595285260130404,0.14390134324814455,0.14860287057118507,0.1434342569665232,0.17193057330233832
0.2527574527562411,0.13957707542090397,0.1441373207872719,0.13912402518741512,0.1667640207888689
0.271298645314356,0.15163182266460282,0.14085794436339952,0.14116716476346708,0.16739042112499533
0.27039841614036025,0.14784089324108565,0.14510078903831372,0.14589902328471502,0.16351759682015024
0.2756622450295093,0.15571925317556082,0.16325365459841074,0.15241680418167766,0.18449034754090082
0.2759461736623753,0.15129727318866212,0.1612613478832904,0.15055674767503888,0.18001455575702086
0.2833836444439266,0.153456269634427,0.17375878927590507,0.15749296686846093,0.1765446078622916
0.282583907987926,0.150654166066425,0.15162363278302882,0.14634995288587493,0.16405875676997878
0.29567101945281077,0.15170301907266118,0.17764608121496228,0.15482863793282464,0.18278165397593238
0.30853049815455175,0.15694104786179153,0.19604464423895854,0.16017458864515377,0.1867263601079953
0.29874955181932955,0.1541606407462447,0.19094277683642355,0.1560062038586401,0.1795085633837481
0.3001771613736251,0.154464756962546,0.2015769062447246,0.1611922736284812,0.18298134260008672
0.3493121863688329,0.1409241177057082,0.2990490785590725,0.1767707601373041,0.1879926369571548
0.19903472786469775,0.07297374984932359,0.166670626255758,0.14315416260402772,0.1395396624965994
0.22293651172463633,0.08183628766173069,0.17796978034254052,0.1426976761161322,0.15993226061924232
0.2423919102874129,0.08639066412845181,0.16547899797577043,0.14642391147622838,0.1691031965427417
0.2526822831896421,0.09098252748189671,0.14283145658946578,0.14938772182917226,0.1623774730481916
0.2525976599320258,0.09219178817693052,0.14645477393982925,0.14040009954313268,0.15737735845870335
0.25751894164336836,0.09420807499634413,0.1395498609440055,0.13985620975539487,0.15904580962030923
0.25556358847121463,0.1062971090869983,0.13869642507123864,0.15165082233255878,0.16503934717702304
0.25207909364274217,0.1125313827416687,0.13621687696231954,0.14893968172790673,0.17176745982020855
0.2510865878675185,0.10902218440165444,0.1304011541316115,0.1425807640464877,0.16443391966038354
0.2145325760106916,0.1049906009338427,0.11987085172684121,0.1310669199205579,0.1533091327908245
0.2730490296285629,0.1281049581664876,0.13990200977983713,0.15296900996685878,0.18138458075806457
0.2060251492260284,0.10556036188291787,0.11047791748694683,0.12604426375725478,0.14522090480972255
0.2769131537970241,0.13748429021328973,0.1492093653534388,0.1560330269120265,0.18463093055903881
0.2853891808494642,0.13546028488586107,0.13213326059733904,0.15075084622051152,0.18070076120347228
0.28809441507619116,0.13546077317635719,0.14848635560208243,0.15527695238732214,0.17890111655704158
0.2906057734626002,0.13461662144095546,0.1352522592895621,0.15430931204575257,0.18016115921955744
0.29262281936857387,0.13749875954105117,0.13814800637821897,0.15761307010093215,0.18892631422575398
0.29102847867594916,0.1536341204397801,0.14032686893963092,0.1600989345490366,0.18944204218998556
0.2941986845137675,0.13961267505690944,0.15303749439012118,0.1600362244297459,0.19681424472379086
0.28877917366389244,0.1279506402276854,0.18849718315543038,0.16428598887477946,0.18903569933482997
0.2715661295688723,0.10133860646278532,0.1626338591190167,0.15697722830434785,0.17838792838169465
0.2494884581856401,0.07957694077580457,0.1783046658896465,0.15777268978778106,0.1661324307379743
0.1057433042540296,0.056292492069339194,0.08997453785293542,0.11203121268126152,0.11509300717029161
0.11412898729958049,0.06137037101218223,0.09031733491678941,0.1139899309200474,0.11764155699185207
0.11072451912159238,0.06405618640051801,0.10837870795908773,0.11897859084715824,0.13972658225416618
0.11312293198531877,0.06640863233657826,0.09205516213853317,0.1203187810973955,0.12462705050648606
0.11291869543190704,0.07113134910777491,0.10482044668546514,0.1205608322382529,0.1392342405267026
0.12458377977888077,0.06887004126951901,0.09753256470792186,0.12061906949720384,0.1290351942532223
0.11751869582079513,0.059596206719791225,0.09947126878393833,0.10948259265000773,0.12681620275625433
0.11540853113089738,0.06047236152425097,0.09482811790983627,0.11443691448399446,0.12418822286385758
0.11739745204453073,0.5647575363490445,0.063190303965748,0.21470385402637793,0.1377951800844215
0.09504724884137143,0.06699508141092704,0.09707624352420041,0.11585543898501131,0.11748163356410474
0.10023585065143874,0.07069175003019856,0.0984680148124114,0.12177594588513116,0.12409196516096026
0.10362354073138771,0.07214160255201638,0.09729756535516002,0.12032844448034445,0.12054982876831215
0.09907045825224688,0.07655208760735155,0.09855613295127705,0.12742024837704743,0.12834311440675267
0.10200303825435524,0.07861423778456333,0.09782504964474198,0.12515979647200473,0.12807624642954085
0.10121802000304574,0.07857035890780212,0.09868838718273124,0.1250891637104145,0.12853989989382497
0.10621467223887185,0.08392414727156763,0.10258850801460727,0.12984991651887473,0.1350094244072553
0.15904031168958066,0.09092424520002838,0.13349749190116278,0.16285203090672984,0.1767288501203467
0.11010770610585323,0.0675595826418909,0.11335861873939757,0.13170519800465105,0.14271475993257754
0.09554735735270967,0.06235773763217795,0.1126273326571693,0.12862059858252467,0.13908406443034146
0.10590314050271575,0.06344885613226561,0.1145980546708934,0.13087116635381793,0.1389737132231986
0.10044106503407921,0.06660234927727565,0.12033839356162424,0.13140278478117173,0.14726066853678732
0.10501427284703596,0.06505207472309472,0.11263993929670284,0.12946420651768975,0.13544897505230744
0.10436857873089485,0.06501767952149631,0.12393707432233533,0.12827631820563082,0.1362182118209343
0.10759338931440342,0.053093850380366535,0.1381384192342926,0.13063385376681627,0.14930523445331245
0.09507436625046786,0.0600244935671699,0.12143664657549091,0.12286662418879553,0.1351539267498722
0.10592273773212764,0.0661122311827957,0.1286415187625496,0.13043580864316512,0.14877150528858712
0.09846772712488078,0.07439060923080502,0.12283590921676711,0.13666099263155693,0.14550228808767257
0.1018680940176324,0.07077480842999347,0.11589609287929127,0.13393309762967076,0.14534569943867795
0.1054808167926064,0.042302184878285805,0.09533848971443565,0.10102177850092509,0.14341566641101222
0.1018348177823357,0.08086449147810214,0.11463343207354883,0.14650982419565506,0.14677937785979409
0.10124569528907348,0.08425438615273274,0.11801556917356502,0.14756322882150782,0.1528470435247478
0.07380567725262485,0.08256856611981285,0.10557485400938292,0.13954469824043722,0.14508942241627884
0.10923669861265267,0.09105557896124321,0.11295130696800247,0.14929460423702862,0.1576242744001319
0.10759988795404765,0.09189649628498339,0.11526811676952436,0.1572188478957735,0.15907996755476517
0.10524449831533007,0.07370202032814724,0.12094516380502472,0.13689485768638662,0.14368810243100275
0.13509164132788676,0.04686628426224938,0.1088468786594871,0.1151124570724478,0.11470348966005213
0.09228462098524524,0.058750371388942395,0.11808703811157052,0.12627149921782468,0.13106550662539868
0.08525321181971483,0.03396446750783452,0.14775450215066643,0.13903328526626862,0.10967697179420217
0.08202607298975387,0.03249031527225142,0.13708693371389846,0.13299885448214238,0.12421170937572548
0.19920428652379846,0.040534135532159773,0.12769372521912314,0.1001304972476084,0.16961708724883176
0.09254668380288346,0.061586377437631075,0.12857690719833348,0.1400764632897353,0.13343674363305721
0.09835722245841769,0.06906325825885119,0.12092159388628576,0.13744711399395462,0.13093202728269404
0.10274880725088137,0.07690453544579223,0.12747216722849783,0.14284324077434768,0.13976482750666616
0.104686843951555,0.08035313576372222,0.12617400297849435,0.14813223870128225,0.14337312666420257
0.10240739235793384,0.0813978039034425,0.12436196290060914,0.14747607660446585,0.14273804538652865
0.10205958724956458,0.07405521304139087,0.12602327973033842,0.14563638694286535,0.13731495806667943
0.10477748502971437,0.0732569148552707,0.13123148206329593,0.14406646014426702,0.1512155871442932
0.09101565480345665,0.034751005436334886,0.1517915310094047,0.13711171153334725,0.11051763100367343
0.08680285118942815,0.034019215591565594,0.14859509109292035,0.1342244005954562,0.13725549665199738
0.12187132294193698,0.06614045268814053,0.11727885924525958,0.1300712828262684,0.13652591577171683
0.11404428128910962,0.07414207476385072,0.1241683145745747,0.14428057224814797,0.15682624010018428
0.11396400407439682,0.0784754359901783,0.12071777411060221,0.14467067035774128,0.14002276970661884
0.14593559035801446,0.07846631185686871,0.11752108363048315,0.14130726209406955,0.1423307075322811
0.12191334888546031,0.08905059922444311,0.13764357433801794,0.15703756355112572,0.1515896571814936
0.11241171202589693,0.0956295870608787,0.1412957859672275,0.16120437205332072,0.16311267140775143
0.11360742154381061,0.10090649160822124,0.14080966068374642,0.16735434018572096,0.18008887612802052
0.1331623940010043,0.09006626531364674,0.11120058826705441,0.14533854385430592,0.1498562824446648
0.1434184813132483,0.10113460811772028,0.13731371531209285,0.16319935800511307,0.1633940162619147
0.1389032139631256,0.10299911831156665,0.13616508347298026,0.16830189482274122,0.17653961239370944
0.11801403810642684,0.1014287867011405,0.11880734138638047,0.16148631279963863,0.16474886970716102
0.13757073544007342,0.06081614801585089,0.07611333942738549,0.09947970683121068,0.09959836260630442
0.11963300956670099,0.05624160306434553,0.15412415115502148,0.12760584040830356,0.18315549530392733
0.10671100536752474,0.056307683592491685,0.13903337506246935,0.13810686537946398,0.1466573916787026
0.11721389857474326,0.04865465992287405,0.1307441223487178,0.1161976525224858,0.13533027935930195
0.08784000292528057,0.03365444423710891,0.15369706846950132,0.13151474709307126,0.11466656793591264
0.09365399769272957,0.0338177272549709,0.15444276853215658,0.13215282403314546,0.1316833162156588
0.1096931741406922,0.05906594655807831,0.1316160140406462,0.1307389331858339,0.14911724082679442
0.11221975727649532,0.0667982260699811,0.13982007595273327,0.1329393316316346,0.15147447856581397
0.1091990042003819,0.07561162993866723,0.13033857223937115,0.14308622007124222,0.14509463709042872
0.11494207826532067,0.08141383182584154,0.14103147367684873,0.14750511590280288,0.16534151738828626
0.11295697886450254,0.08897821628282873,0.12903454095693664,0.15515103447753018,0.15372521375995685
0.11830084210642597,0.09623188610349463,0.12741892702340557,0.15986402463822413,0.16175645727592525
0.11745718157624044,0.1005455963835567,0.14227817621531114,0.16909969236286645,0.16424674838416603
0.13795358155112095,0.10062555312024343,0.20713305403736484,0.16923416527925841,0.32881286971303547
0.11653548263648009,0.09105516097354976,0.12866617887859333,0.15629674613817654,0.15742875584151322
0.10506805300400807,0.06563972382334521,0.13629838766979968,0.1425095168532067,0.1410793735750471
0.12130185057079493,0.0657842743896508,0.1365985414178141,0.14282334863318963,0.1627365806320013
0.11260025805448148,0.07528961222648553,0.12959519306636458,0.14522226905575247,0.14726066853678732
0.11310743139614926,0.087321345443929,0.1307835031084614,0.15725398524605091,0.15069938935685287
0.11464576035823175,0.0955615098799511,0.12126267836159704,0.15848963905318744,0.14920370022521634
0.10229868546580292,0.0945913283772434,0.11732792842458452,0.14501891502459152,0.1417203626034346
0.12384379598747604,0.11986808040546547,0.12304965907427502,0.17369560857434457,0.16101703926358338
0.1517579473129418,0.1277483341584761,0.12157958661193535,0.17797106059304743,0.1685931125134696
0.15556706036382492,0.1354148231176135,0.1388308468827052,0.19139583000773489,0.1775580671496756
0.16303227070060025,0.154512029699436,0.1411287367621431,0.2012835421529638,0.1905245681453569
0.16560734918693779,0.15226185450963836,0.139073463896675,0.20495807608528938,0.18774993851217206
0.17316017703987804,0.15132160376778034,0.13821465439364652,0.20369241448074882,0.18901745968803965
0.15738450155464162,0.1299860171247959,0.14673803299895025,0.18835706949067932,0.1772448173555965
0.15787418917148002,0.11982023504530803,0.13680228040643228,0.18210122654893615,0.17250564487339445
0.1568676752625752,0.12964976442291853,0.1287539479055328,0.19519839616682896,0.18108571086788108
0.16238081367834986,0.13448937770021524,0.1253829715045024,0.1966529938254483,0.18366414835829556
0.16425349272489345,0.14052085922345353,0.14118437592506924,0.20136289698921572,0.19059968132026142
0.16595225897464452,0.1508703320297523,0.16537766060443573,0.21619343416429446,0.19386710442860874
0.11543383845039855,0.1305475810268637,0.14573778391858302,0.20091791372670756,0.18895072971633156
0.1164771658197688,0.12036236753624083,0.16700351492967705,0.20375955793907996,0.201211183133454
0.11725274848669297,0.0994481357925983,0.15139047538953204,0.17992979314197202,0.18014440685312763
0.23101598414429714,0.09399091142521035,0.1475542519711323,0.17537038552836212,0.1729886477248479
0.11497427623948314,0.10884831176984647,0.14980722423507137,0.19229676975193594,0.18358256563028694
0.11044598615430078,0.0980376162201184,0.16532517642144479,0.1801011004664487,0.17493243020541455
0.11528775476110924,0.08783345904577322,0.1604454164578576,0.17543119321804065,0.17951905777545632
0.1278041871165799,0.09593302485238259,0.16064334172207606,0.1832779997618667,0.17974051225964718
0.11643185420280823,0.09777634633181931,0.16104066083594742,0.1837313011665616,0.17735734258435115
0.11583432400517338,0.08478691806887041,0.1638216695031739,0.17134142980612635,0.1716566694869916
0.11431307466482979,0.08818265927782738,0.14387052031812186,0.1729898048432369,0.16577931499826093
0.12218806526872689,0.10469380774161538,0.16182294149748672,0.192328931621028,0.18680933831131766
0.13442578237009556,0.12065463706456955,0.15743012178654275,0.20208173561578324,0.1957527224901465
0.17922452043203257,0.13710907308632278,0.1902396704457599,0.2238273539096788,0.21368429611160117
0.12383939385983912,0.11605672573549289,0.17668952998438864,0.20017364991919026,0.19846427275938988
0.13058838623454727,0.09450517598343686,0.17860787345279058,0.18677599130017888,0.19774444651718093
0.09597349290341725,0.053189315200623956,0.17237745825941667,0.13112358378527406,0.1408511002391968
0.10771519260811917,0.06008377091259184,0.15886178087343378,0.13593406264915428,0.14388438043076582
0.10836354428957759,0.07291898302572085,0.15926803181407076,0.15143022599133826,0.15277219286610677
0.1175281701866455,0.08649648382535444,0.1580031632622714,0.15773259247650506,0.16839879190109136
0.12079921913410267,0.10115145013411692,0.15634759639115392,0.17095063229105728,0.17218877562626103
0.128379038268781,0.11673677274700293,0.15432629585603885,0.18341905868447958,0.18363783426462982
0.13093119380402204,0.1282156700872843,0.15155064305287266,0.19453467121963727,0.19110311124305052
0.13571143251646547,0.14415200165863074,0.15407730215507717,0.20509647662621386,0.19705756016460718
0.13939152584264103,0.14806570128581986,0.14876484350771133,0.2121744680499099,0.19816043590137425
0.13952681136925943,0.15088629883386173,0.15159875945981083,0.21621631419754286,0.2046591561726503
0.14772937594879468,0.1775589497881872,0.1943668368833244,0.23532965860144467,0.22267636952629669
0.14370979685270113,0.1751160851190173,0.17110214702177773,0.22983643505038667,0.2282799130968078
0.14572370384800418,0.1776586742842517,0.18627713779642194,0.2368507837020567,0.25365102242663895
0.14356777000676055,0.18288512490514455,0.18224867006500353,0.24545260512700645,0.25622686170035314
0.15043852578358843,0.1851809021774492,0.1731623141018698,0.23122204232981772,0.24461397022785442
0.15288508122703282,0.2050317761707071,0.18318617078788943,0.2685844421585417,0.2529169293526447
0.15345995449806515,0.204146250549667,0.17424859007660823,0.26404976305701555,0.2526116206542047
0.14926594151786265,0.21268819920511384,0.1768674593336603,0.26973084206686293,0.25913253253543733
0.14978959620377827,0.20264252777873368,0.18104806537589727,0.2741271644094294,0.2665897220828883
0.15623110986153088,0.21130542180535913,0.18364891025229116,0.271954686881689,0.38759453515085684
0.15432101396474274,0.20192581121544176,0.19536766725939436,0.27862848030909515,0.3523654620463331
0.15021685879733188,0.1968985689201852,0.19483622141834558,0.2721721468972798,0.3247852071210607
0.15884551737540034,0.18578544332645103,0.26600288603794975,0.27816047765977553,0.25505633335426536
0.16001122465220866,0.1919475410749968,0.25048185161869096,0.29304723515459113,0.26304543109002543
0.19571574648945642,0.19196009058184973,0.2399689770574819,0.29275425852714454,0.25844749512671794
0.23193207120917228,0.2193458847082299,0.26163864287104827,0.32814919608285037,0.281427530422046
0.20559237249211829,0.2201996328457875,0.24527829093919198,0.32749985539001797,0.2651490829915083
0.1755683413982942,0.2132422921514237,0.23128849105805332,0.31271898564524436,0.27053140413582744
0.2149793933172103,0.23248025355941426,0.2855245990156057,0.33592771085526496,0.29984584012577703
0.212191191708049,0.24345520269486348,0.25203729052526086,0.33765008991526674,0.305715657275415
0.17516422281949215,0.24117233974261626,0.23091074503905976,0.32889437203599814,0.2938367027816671
0.18243754777135193,0.2619754136772444,0.23775287184019953,0.3526462912243465,0.31874938085932225
0.2243440226469096,0.2819683223853087,0.2510760710114663,0.37761688938480964,0.34712965212254343
0.2340387962186026,0.3061001784641542,0.2604875728816809,0.3950281417566543,0.35967143490639014
0.24795062245831986,0.3133460742156395,0.36769403691277575,0.41791425843912605,0.35274635864968756
0.23994960928673217,0.2886748582390206,0.2796287438756345,0.361825539147737,0.3491858039349042
0.25159669820388453,0.3171439376561541,0.3250109575759501,0.4224035412852062,0.40636623914167247
0.234799650353471,0.31150023589397374,0.2774525734513371,0.4121514091655518,0.35220462213841763
0.29279915061609874,0.3063516374280425,0.278122114661555,0.4079306402007206,0.3743975804964213
0.233867615098708,0.3031038294299568,0.2786338607538908,0.40084790450375285,0.35496127570847463
0.2562592601126767,0.34209607996602903,0.30129287874048594,0.44224627756310936,0.369203783212207
0.18950968159958798,0.296195290289334,0.29486226370915636,0.38451495377792966,0.3218788102835838
0.24658781353334192,0.28556476648555196,0.2884878933995315,0.34866311887144313,0.32734820285607386
0.18171386969133638,0.2702103295899751,0.2835344779346978,0.37760802900106877,0.32254683266032147
0.22084538436240791,0.2699092600915883,0.2627636220016173,0.37573562452300957,0.32325269156034364
0.18336791659751495,0.26415442810465,0.24758392029097878,0.3669600709444235,0.33277624185947313
0.1803724708612104,0.26826782512042774,0.24506227535796052,0.3754945026740404,0.3363235567130534
0.18016807584566763,0.2768721219642869,0.22548265227007835,0.3704494940942584,0.3095795479001532
0.27660084525386613,0.2778387962280137,0.23969768060780855,0.38173821048954937,0.33057454652658835
0.23826042697758942,0.31978870377895163,0.26603562335016184,0.42549595198443624,0.35666736461708676
0.24995878218212161,0.3224087632448967,0.2891942746765174,0.43708260501851287,0.3617384645879459
0.2589603885613753,0.3482202834192118,0.28916993111516653,0.4526724850788376,0.37072419663918676
0.2600972556984538,0.34934717503758334,0.28546126273261396,0.45145973614759033,0.3636589383313341
0.26557317822413623,0.3255767731251581,0.40440368899728835,0.42511596771373755,0.39707376152775276
0.2511508783626968,0.30492254244183414,0.34624135457453276,0.3944581426268075,0.3174491053505736
0.2633463577072168,0.36150854900078894,0.3706955558747335,0.4667733431226833,0.36629560872737305
0.2804281750009281,0.38896729891037346,0.37257461111855866,0.4920454648804489,0.3870610591890627
0.30640180802387046,0.4333356382420205,0.3912565361710647,0.5403201426035578,0.40467488444300065
0.31157399245225326,0.4258885756559429,0.39129352015625707,0.5289042103344477,0.46047240310480936
0.3206800492228345,0.4392687830243054,0.410430112737734,0.5011616158850458,0.4972022721337165
0.35699509544393865,0.5006403319659869,0.4221783022876635,0.5518373364443113,0.5105703213294442
0.38734991748423087,0.5386128573938977,0.48669794599103333,0.6562389880634949,0.5140415647728263
0.37967712164180445,0.5311744799632204,0.4852365966738605,0.6497261614221351,0.52659936151823
0.39149270062107466,0.5634315161219478,0.4911465080257978,0.6884937369200176,0.5104324464644915
0.3464637405263717,0.48108810269733326,0.43718380533595597,0.593616165955043,0.4605533297134394
0.37975663855342623,0.526369210619923,0.46618737862848375,0.6495959835012509,0.5292557919264448
0.3865786297058728,0.5420381687036666,0.4926051545059285,0.6694713081429304,0.5520351422104491
0.42187632538392406,0.6321974967337498,0.5475712334109505,0.767732777336801,0.5587614643342356
0.43640823095037545,0.6384740667266704,0.5419281040698934,0.7767887361067064,0.5535590295879742
0.1869918128638955,0.2872874099152609,0.4025296512611722,0.38141627540411077,0.2736929897232367
0.2540650038910297,0.3459385383133589,0.43681808073302447,0.458040765500056,0.3359383143198684
0.2461060716909625,0.33452230428077434,0.3980758150455411,0.4456009636491381,0.32794356933044977
0.25170004329167533,0.3420999454876971,0.3948824023170231,0.44935225861095723,0.33827735269340176
0.2447160655933996,0.33264690566522614,0.380831442294074,0.43747007136579147,0.3205408589254724
0.2806375084044689,0.3549666569719005,0.39512351980847676,0.46372548867447216,0.3356314256389764
0.2756493910628066,0.3494423131571469,0.4043032581607349,0.4595580210474956,0.34093050840080097
0.27561251625767696,0.3609429462483948,0.4208504933735137,0.4797693736903018,0.36446951053263177
0.27009035994186364,0.3816748437031907,0.4104362495888693,0.4926890445223749,0.3491625181348461
0.3144938815134921,0.3932912466254457,0.47450735064122623,0.519850611458976,0.4369826884532357
0.3032445579443814,0.4143176250756358,0.47185720887748317,0.5398198664518421,0.383758453450966
0.3086423440207574,0.4296173008240113,0.45337726840230336,0.5505873258806977,0.3809853259405562
0.3133673125739607,0.4327754544279747,0.47193622697051596,0.5581081544641563,0.3765347147766803
0.31976884611579715,0.41683729102336053,0.4632357266967578,0.5376764968190827,0.37906975726264275
0.256068294282597,0.27407836705513766,0.4227861879489171,0.3865488916438498,0.3045654320117561
0.24022805909564127,0.28479713845072224,0.40975837509853935,0.39363377063541993,0.31030873122800134
0.25465018811931694,0.2918126086244767,0.40813824452907854,0.4021008462602188,0.2902999724360214
0.25496576948216465,0.2890319083729719,0.43242501571892655,0.40226834805998724,0.324571255222269
0.25486932248110505,0.29597700456404935,0.4159834905550427,0.40961088642319887,0.30243548219380656
0.25283685187919097,0.3039385805550085,0.41762747537056305,0.4175158066288135,0.30926999516504644
0.36685184040106017,0.2907128170837685,0.43205573481575826,0.40598882211498843,0.31657925295495987
0.27775238475132047,0.31954978804956874,0.4621471684616544,0.4400905457342811,0.3468802245763585
0.28009418396335717,0.32122973436301,0.4645767818144382,0.44622741019659173,0.34870385324480346
0.2819565266108725,0.33415965624692295,0.47400454503841266,0.4580645213112676,0.3441895212403417
0.30023124096505743,0.3628655033048293,0.48810313777382736,0.48854908802626124,0.34158845243372626
0.31198055578623723,0.36791584821170004,0.5000814915510955,0.4990705087541984,0.3413782540734484
0.3377911826906961,0.40026405968329076,0.552669651192988,0.536490831422313,0.38762873165132594
0.4064012080228474,0.42854890410335433,0.5988962004952771,0.5758901952956066,0.4051831779877329
0.3117707586499458,0.35765699994429245,0.5269468247056166,0.4863286683879289,0.3551318010432538
0.15848626907493774,0.20480032780097915,0.3846550651976085,0.2976357587816812,0.24291224301913983
0.14627029828165414,0.20589432866604637,0.3197629850979911,0.2905620721965034,0.23046035086737607
0.14116669790109299,0.1997632449317078,0.2820327301402731,0.28781122918379287,0.24749708503073314
0.1455554294249708,0.19651164006990718,0.2729308222200133,0.2808231429946008,0.2480308748060726
0.1410501565800427,0.19654057152214852,0.2737169203472889,0.2816373775728828,0.24151240975428379
0.14087569764313818,0.19477984971679893,0.2858630413941402,0.2821546097029812,0.25074636687014906
0.1415543232717136,0.1975950990389667,0.2679687046691561,0.2780606448108852,0.233291571560546
0.14483858182115147,0.1990488658567153,0.2672939825658341,0.27883403616920205,0.23859712138601175
0.14299804494454593,0.19987797404363525,0.2690794729260748,0.28066555735092197,0.23331163979860775
0.14631679369262027,0.19876754085450393,0.2689190403214754,0.2791063042545279,0.24538210544816047
0.14700642861266164,0.20004932088929356,0.27818213082618365,0.2823850295292758,0.24512516083512575
0.15050675854926782,0.20076794380298219,0.27845511066511797,0.2638830805455662,0.22750822559044012
0.15129335739980435,0.2114227380184827,0.31486078482265073,0.2875831806524824,0.273426364240865
0.16225451937866517,0.23767869582360387,0.36385931194261006,0.312386690831259,0.2983899586730282
0.1555539361398602,0.22366431854091817,0.31138734920365646,0.26154901486588084,0.26978422922351836
0.15891631948275148,0.2238192854578524,0.30459020410661053,0.2916183653795488,0.26629812374124096
0.1675302960240561,0.23268130851074129,0.32090831821499327,0.2934658481351123,0.2903817254287456
0.1586878401964356,0.2264732560120448,0.31169484019670435,0.287022341265317,0.282901467857882
0.16105942113519114,0.22925602605042547,0.31835011555406206,0.2981806668823093,0.26813104099651675
0.14528922296354724,0.15770242143982172,0.2685037089109529,0.24279307666462172,0.23769625502248623
0.12311749239177927,0.08138199629025372,0.2171981672101311,0.16843838058272761,0.17937841609616947
0.11186744605915329,0.06446405166212152,0.1635690023398684,0.1509748642870034,0.16118537925543736
0.10742445804066096,0.06657257597530929,0.1582123162290128,0.15683863571318027,0.16931609421289606
0.10837780411158282,0.07477709820884261,0.16402947451445518,0.16592401928029699,0.15761960018328455
0.11249743720195607,0.08462491871565453,0.18104026095893475,0.1734256464073906,0.17555437368357682
0.11441586350495574,0.09627078896996209,0.1566338805513015,0.18654899228241323,0.18518590284548192
0.11702316259153733,0.10199966924579172,0.17863661036573478,0.19152208729132592,0.20589053793298814
0.08926784876952616,0.0430352988589867,0.1678537383341336,0.09753781434075759,0.11212981141899261
0.09670274746079807,0.052461627267138176,0.17824474281178979,0.1161725995482375,0.12114290397740878
0.1002273343980421,0.05800429573871244,0.15959713612727403,0.1265515150501066,0.13543903297405577
0.10382850730328178,0.038369631251046254,0.19506382471662426,0.14739912628101218,0.13988829162503752
0.09821183830698056,0.0354468753332903,0.16268153231976923,0.13802170028816052,0.13792984244493584
0.11276458148564314,0.0741033856344623,0.17568931132296497,0.15739352964930672,0.15697196381450057
0.10331371232856595,0.061799135678250086,0.1411284447823256,0.12915269450715391,0.137872075319864
0.13819160280816692,0.09159325229802517,0.21319151409009243,0.19775181805733108,0.17117428493948805
0.21274413961795624,0.16156159971366874,0.3120177885756727,0.33428337249629064,0.2131210762906738
0.1613620841175246,0.13425687735985517,0.24323266800871343,0.27106540195756523,0.18023775449816246
0.3103421309085932,0.2836926664309035,0.39702632864897197,0.5855225690427182,0.28798714171007733
0.2833824500172169,0.2666803807744982,0.33219038968990156,0.5242310899440407,0.2281362393666385
0.35395239899810965,0.35882864140670967,0.456443949013535,0.6944436433089745,0.3272588539442214
0.3421263378763494,0.3532315978456014,0.3951312074998498,0.6761016266440985,0.2923669079354243
0.4078041441591072,0.43266799938631917,0.4785307861132199,0.8097635167035524,0.3413782540734484
0.4049453992338209,0.43895107337965616,0.43795413071133577,0.7917600847373312,0.3298528817501142
0.4032694486938365,0.46839799916104763,0.4858059623775628,0.8472492950444698,0.36128155524465744
0.38177179494736035,0.42693904848794656,0.421780120431452,0.7532451174526084,0.33685806940961166
0.3835725061427801,0.43158987580644675,0.429300976818992,0.742683438683136,0.34286466156578566
0.38944114455175166,0.38940738324817203,0.3882626305689186,0.6627651885189637,0.3328070604011027
0.4531698361468856,0.5128101380974676,0.5250933632296315,0.8518231923086913,0.413815946728365
0.5006089600247898,0.5948969564530205,0.5959095423889722,0.9848497241657334,0.4464045167764017
0.48918857376340963,0.6112314276281368,0.606157751088608,0.9992902717825544,0.4549722494810934
0.3627607274115794,0.3897822459582685,0.4338335094426343,0.655562457724043,0.34776792596636763
0.4405917124158581,0.5180422564438484,0.5143989721237052,0.8483634827636485,0.4134606492553267
0.45118961788031725,0.5023473728891995,0.4903878932414135,0.814287663857048,0.4034450862916435
0.5125673625769563,0.627389333763279,0.631089483226124,1,0.5032397024722848
0.4713068342013493,0.5925580174142192,0.5203356907146376,0.9522716694012137,0.4557323723508341
0.47795894810510736,0.5248310238910506,0.46841637004822445,0.8322670097451398,0.41206919482684956
0.1384991470782758,0.12473700351494865,0.18360903978416673,0.2185677315054776,0.21623211797389078
0.11756343674140445,0.07907062612330144,0.15614853057503725,0.17497750790969652,0.17704885039954857
0.13465710572498152,0.11800257451966463,0.16833078104911736,0.21152987812409627,0.19886918653185193
0.12822276615352496,0.08516146982915047,0.15363337226691362,0.18054245355404744,0.17071675817420234
0.1395678575341643,0.11860643245041015,0.1629694830389797,0.21654202314888507,0.21924144284802663
0.11181777668326044,0.06694046735451875,0.15113491012194052,0.1559064685980361,0.15836314813191124
0.12539918917824558,0.10754066425943876,0.1529692920767163,0.19925429844465994,0.1983372433134396
0.10909476293530769,0.05490033328026644,0.14543937568850865,0.1398027472168817,0.1461581855800196
0.12486763881563868,0.10707869955985752,0.17223249068729213,0.2047117399072015,0.1866019222592266
0.12490182665521292,0.09854230960026453,0.16707927542985365,0.20141995917650884,0.1968829346318057
0.12118057869380888,0.090497571277585,0.14653598166495718,0.1857736470321124,0.17285677499207236
0.12240640053195592,0.10383521734044242,0.20960833268914655,0.2210467795025588,0.22553686071082707
0.1157798922122634,0.0729881075951525,0.13732534577253133,0.16653769604720434,0.149351424199757
0.11731263107433745,0.07783490254351787,0.15892200888861807,0.17438733599946107,0.16081653399398327
0.10374029990958071,0.05495300491345648,0.1300678533645155,0.14183735182175297,0.13659575615339756
0.10082726711901725,0.03722365427596619,0.14797300478812173,0.14060910568694512,0.12230527944889835
0.0955492446939719,0.03773950108577105,0.14353654801160012,0.14345943854253557,0.13195362552941173
0.10953128296336971,0.07265194457686626,0.11805050114643607,0.1501935542742061,0.1383719136593922
0.1617333601718779,0.03603417203391678,0.11036357243644553,0.05872232930657832,0.08919635424579375
0.10168290958114033,0.009991746153857874,0.06100340738884837,0.16384221454836584,0.15609867092996632
0.14491795860827245,0.03827206650304373,0.10940805328261233,0.11622152825961864,0.1611306480014801
0.16183276803293176,0.14295799883212043,0.14546364302435716,0.1858757779624324,0.16919615048674014
0.08744262137178943,0.17541342049053124,0.14418279041363186,0.21833374523273846,0.18713937186449595
0.07672372591885294,0.18404452381388817,0.1524522866809179,0.22806969069063704,0.1996661126673469
0.08756191004895637,0.16686024361889437,0.13968372237080542,0.20806813758058323,0.1876485848653774
0.0768233919346146,0.45323971109991207,0.1233618305268392,0.7477043669001197,0.9404907497573182
0.0810507851653859,0.18291874827745136,0.137298020691867,0.22101008175299758,0.19547490669143877
0.08441627712090462,0.19757078895158475,0.1522021552646623,0.2447917216006318,0.2149748267472565
0.08431986935172865,0.20036584589636283,0.16213728150999945,0.2522784920126997,0.2123235244138397
0.08739610665929513,0.19936859509511398,0.1537081622055422,0.24566173832461607,0.20285674869963474
0.08080079013144578,0.20137570655310452,0.14652220656115245,0.24173378486579436,0.2059679093233594
0.09015298484829697,0.21264582604107846,0.15385216574897598,0.2514676622885674,0.21662414043441952
0.08392036856050927,0.22744626566160298,0.1599845443338424,0.26966103036197625,0.21648657177679115
0.08288168169453843,0.460386357480341,0.1329481962506498,0.7851473169044545,1
0.09866276416073082,0.25470396489914277,0.17275010741485894,0.29818844233061004,0.22904924032058363
0.09040431284409015,0.2462794541931383,0.1743952127383778,0.2855209882398388,0.22282368094094027
0.11737802489856812,0.2596954654563762,0.18083545107877536,0.2973256886237,0.2553028354986991
0.11009193784553002,0.24928010487178456,0.1968507716305094,0.29856090616776276,0.2518738389079317
0.07721409439827541,0.24724316365200358,0.18371003935378669,0.2929641694709803,0.23280481697434233
0.07502214375895047,0.057531942377109124,0.10165089572773675,0.11233479197929158,0.10849512593841443
0.08865072951082612,0.00465975179817868,0.12193945709485123,0.168055676760174,0.21309618150168638
0.0706942243969501,0.03127811460465548,0.12102733494764333,0.11826270400718486,0.10832293510538483
0.07094270140867769,0.10086890730765279,0.16539204440928904,0.1771095017039152,0.1746648226805037
0.10509039354697916,0.06147380187174897,0.09757628867083022,0.11262692271049343,0.10548167779114523
0.08075550568033026,0.07847066113669446,0.1108297093040855,0.13316531043680152,0.12869970091176675
0.15562208351607607,0.16193084358564785,0.16229271223750666,0.22679794597440456,0.2047802288599422
0.10838215561024796,0.059920561113603665,0.1767733487641458,0.14894650118487637,0.1531745756373503
0.0874526177338043,0.04215240047071012,0.19332900920820714,0.162620660224657,0.1671157870568823
0.0932608250281475,0.07531387444056657,0.1600617948555724,0.15553967300858035,0.1535399902694605
0.11970894576142178,0.0784028225034321,0.17126365146687458,0.16319544910288325,0.15763753723504156
0.13970859115932124,0.09173219374869022,0.17057189502649575,0.1686826197593357,0.16928072069742808
0.15160349284777477,0.10631628784326196,0.1676219727674501,0.17990420152892161,0.16991395023868308
0.15502235121147992,0.12167944630388644,0.17164761406251383,0.19210042072284814,0.18665116319824315
0.13392974745575675,0.12339216159697519,0.1555623273872837,0.18583043743994446,0.17473572312908575
0.2449731270901001,0.14446131481858018,0.16088369328494317,0.19871693780864352,0.18283999150490504
0.13932026593009936,0.13677019184521752,0.16010643165740807,0.1974675755510536,0.18319202186146138
0.08752694207759862,0.03797847452055364,0.16572220067082635,0.15260156459961036,0.1461216006743893
0.11377671033031585,0.1343075863192664,0.15163048139917518,0.197310799498338,0.17136317164011466
0.20037382107708146,0.20742615691023583,0.1940173865829404,0.2612598852076185,0.23358874781784048
0.14288686671216277,0.22013971379371913,0.19857486409102207,0.27963193631871913,0.25507408900233247
0.20074680795915378,0.23911114804619382,0.27674530839152206,0.29613602759227253,0.28632189105748307
0.20445528014211375,0.25717166589634727,0.2207612423068126,0.3138270384937908,0.27220159336382843
0.20028087972154482,0.2830480021494951,0.23760220219867495,0.33866496066408003,0.2975354475008771
0.2208134746688209,0.26149377865501744,0.2099127344783842,0.31512850226417255,0.2634004209835597
0.17098067381355278,0.2615821390880411,0.16872984752831668,0.27711296803100455,0.22918679646917875
0.193889835682266,0.23149260475625552,0.16955205621525535,0.27448960267096045,0.2316869173696002
0.17506659056316587,0.25096983572131326,0.19321064887220663,0.2930708349834874,0.2482195439091006
